,School,Cases,County_Active_Cases,County_Total_Cases,City,County,State,Date
0,Alabama A&M University,17,0.0,7754.0,Huntsville,Madison,Alabama,09-24-2020
1,Athens State University,2,0.0,2061.0,Athens,Limestone,Alabama,09-24-2020
2,Auburn University*,"1,672",0.0,5829.0,Auburn,Lee,Alabama,09-24-2020
3,Birmingham-Southern College,64,0.0,19441.0,Birmingham,Jefferson,Alabama,09-24-2020
4,Calhoun Community College,20,0.0,2061.0,Tanner,Limestone,Alabama,09-24-2020
5,Central Alabama Community College,16,0.0,1146.0,Alexander City,Tallapoosa,Alabama,09-24-2020
6,Enterprise State Community College,5,0.0,1307.0,Enterprise,Coffee,Alabama,09-24-2020
7,Gadsden State Community College,25,0.0,3420.0,Gadsden,Etowah,Alabama,09-24-2020
8,Jacksonville State University,219,0.0,3466.0,Jacksonville,Calhoun,Alabama,09-24-2020
9,Lurleen B. Wallace Community College,7,0.0,1344.0,Andalusia,Covington,Alabama,09-24-2020
10,Marion Military Institute,3,0.0,540.0,Marion,Perry,Alabama,09-24-2020
11,Samford University,199,0.0,19441.0,Birmingham,Jefferson,Alabama,09-24-2020
12,Snead State Community College,11,0.0,3420.0,Boaz,Etowah,Alabama,09-24-2020
13,Southern Union State Community College,45,0.0,637.0,Wadley,Randolph,Alabama,09-24-2020
14,Troy University,112,0.0,1187.0,Troy,Pike,Alabama,09-24-2020
15,Troy University Dothan,6,0.0,2781.0,Dothan,Houston,Alabama,09-24-2020
16,Troy University Montgomery,4,0.0,8778.0,Montgomery,Montgomery,Alabama,09-24-2020
17,Troy University-Phenix City Campus,6,,,Phenix,,Alabama,09-24-2020
18,Tuskegee University,41,,,Tuskeegee,,Alabama,09-24-2020
19,University of Alabama,"2,225",0.0,7496.0,Tuscaloosa,Tuscaloosa,Alabama,09-24-2020
20,University of Alabama at Birmingham*,"1,105",0.0,19441.0,Birmingham,Jefferson,Alabama,09-24-2020
21,University of Alabama in Huntsville,24,0.0,7754.0,Huntsville,Madison,Alabama,09-24-2020
22,University of Montevallo,63,0.0,5849.0,Montevallo,Shelby,Alabama,09-24-2020
23,University of North Alabama,189,0.0,1682.0,Florence,Lauderdale,Alabama,09-24-2020
24,University of South Alabama,169,0.0,13271.0,Mobile,Mobile,Alabama,09-24-2020
25,University of Alaska Anchorage,4,3968.0,3996.0,Anchorage,Anchorage,Alaska,09-24-2020
26,University of Alaska Fairbanks,35,1003.0,1013.0,Fairbanks,Fairbanks North Star,Alaska,09-24-2020
27,University of Alaska Southeast,1,279.0,280.0,Juneau,Juneau,Alaska,09-24-2020
28,Arizona State University,"1,330",137255.0,140584.0,Tempe,Maricopa,Arizona,09-24-2020
29,Arizona Western College,4,12288.0,12632.0,Yuma,Yuma,Arizona,09-24-2020
30,Embry-Riddle Aeronautical University at Prescott,21,2426.0,2506.0,Prescott,Yavapai,Arizona,09-24-2020
31,Grand Canyon University,46,137255.0,140584.0,Phoenix,Maricopa,Arizona,09-24-2020
32,Midwestern University at Glendale,55,137255.0,140584.0,Glendale,Maricopa,Arizona,09-24-2020
33,Northern Arizona University,37,3785.0,3918.0,Flagstaff,Coconino,Arizona,09-24-2020
34,University of Arizona,709,24523.0,25140.0,Tucson,Pima,Arizona,09-24-2020
35,Arkansas State University,143,2793.0,2814.0,Jonesboro,Craighead,Arkansas,09-24-2020
36,Arkansas Tech University,6,2049.0,2079.0,Russellville,Pope,Arkansas,09-24-2020
37,Harding University,1,774.0,795.0,Searcy,White,Arkansas,09-24-2020
38,Henderson State University,29,325.0,329.0,Arkadelphia,Clark,Arkansas,09-24-2020
39,John Brown University,26,6374.0,6458.0,Siloam Springs,Benton,Arkansas,09-24-2020
40,Lyon College,4,1047.0,1064.0,Batesville,Independence,Arkansas,09-24-2020
41,National Park College,2,,,Hot Springs,,Arkansas,09-24-2020
42,NorthWest Arkansas Community College,2,6374.0,6458.0,Bentonville,Benton,Arkansas,09-24-2020
43,Southern Arkansas University,87,394.0,412.0,Magnolia,Columbia,Arkansas,09-24-2020
44,University of Arkansas,888,0.0,556.0,Fayetteville,Washington,Arkansas,09-24-2020
45,University of Arkansas Community College Rich Mountain,2,253.0,257.0,Mena,Polk,Arkansas,09-24-2020
46,University of Arkansas at Little Rock,52,8835.0,8981.0,Little Rock,Pulaski,Arkansas,09-24-2020
47,University of Arkansas at Monticello,14,347.0,353.0,Monticello,Drew,Arkansas,09-24-2020
48,University of Arkansas at Pine Bluff,77,0.0,19441.0,Pine Bluff,Jefferson,Arkansas,09-24-2020
49,University of Arkansas-Fort Smith,27,3531.0,3590.0,Fort Smith,Sebastian,Arkansas,09-24-2020
50,University of Central Arkansas,60,2372.0,2391.0,Conway,Faulkner,Arkansas,09-24-2020
51,University of the Ozarks,35,829.0,834.0,Clarksville,Johnson,Arkansas,09-24-2020
52,Antelope Valley College,5,257959.0,264414.0,Lancaster,Los Angeles,California,09-24-2020
53,Biola University,2,257959.0,264414.0,La Mirada,Los Angeles,California,09-24-2020
54,California Institute of Technology,21,257959.0,264414.0,Pasadena,Los Angeles,California,09-24-2020
55,California Lutheran University,5,12445.0,12591.0,Thousand Oaks,Ventura,California,09-24-2020
56,"California Polytechnic State University, San Luis Obispo",63,3450.0,3479.0,San Luis Obispo,San Luis Obispo,California,09-24-2020
57,"California State Polytechnic University, Pomona",11,257959.0,264414.0,Pomona,Los Angeles,California,09-24-2020
58,California State University Maritime Academy,3,6215.0,6278.0,Vallejo,Solano,California,09-24-2020
59,"California State University, Bakersfield",3,31352.0,31712.0,Bakersfield,Kern,California,09-24-2020
60,"California State University, Channel Islands",1,12445.0,12591.0,Camarillo,Ventura,California,09-24-2020
61,"California State University, Chico",145,2747.0,2790.0,Chico,Butte,California,09-24-2020
62,"California State University, Dominguez Hills",8,257959.0,264414.0,Carson,Los Angeles,California,09-24-2020
63,"California State University, East Bay",16,20554.0,20951.0,Hayward,Alameda,California,09-24-2020
64,"California State University, Long Beach",76,257959.0,264414.0,Long Beach,Los Angeles,California,09-24-2020
65,"California State University, Los Angeles",65,257959.0,264414.0,Los Angeles,Los Angeles,California,09-24-2020
66,"California State University, Monterey Bay",2,9631.0,9701.0,Marina,Monterey,California,09-24-2020
67,"California State University, Northridge",27,257959.0,264414.0,Los Angeles,Los Angeles,California,09-24-2020
68,"California State University, Sacramento",23,21473.0,21872.0,Sacramento,Sacramento,California,09-24-2020
69,"California State University, San Bernardino",4,52441.0,53359.0,San Bernardino,San Bernardino,California,09-24-2020
70,"California State University, San Marcos",8,44823.0,45596.0,San Marcos,San Diego,California,09-24-2020
71,Concordia University Irvine,2,51440.0,52622.0,Irvine,Orange,California,09-24-2020
72,Cypress College,8,51440.0,52622.0,Cypress,Orange,California,09-24-2020
73,Dominican University of California,1,6527.0,6641.0,San Rafael,Marin,California,09-24-2020
74,Fresno State University,21,27657.0,28019.0,Fresno,Fresno,California,09-24-2020
75,Harvey Mudd College,5,257959.0,264414.0,Claremont,Los Angeles,California,09-24-2020
76,Holy Names University,1,20554.0,20951.0,Oakland,Alameda,California,09-24-2020
77,Humboldt State University,7,489.0,496.0,Arcata,Humboldt,California,09-24-2020
78,Los Angeles Community College District,167,257959.0,264414.0,Los Angeles,Los Angeles,California,09-24-2020
79,Loyola Marymount University,1,257959.0,264414.0,Los Angeles,Los Angeles,California,09-24-2020
80,Menlo College,3,9570.0,9714.0,Atherton,San Mateo,California,09-24-2020
81,Mills College,2,20554.0,20951.0,Oakland,Alameda,California,09-24-2020
82,Occidental College,5,257959.0,264414.0,Los Angeles,Los Angeles,California,09-24-2020
83,Pepperdine University,21,257959.0,264414.0,Malibu,Los Angeles,California,09-24-2020
84,Rio Hondo College*,8,257959.0,264414.0,Whittier,Los Angeles,California,09-24-2020
85,Saint Mary's College of California,8,16034.0,16238.0,Moraga,Contra Costa,California,09-24-2020
86,San Diego State University System,444,44823.0,45596.0,San Diego,San Diego,California,09-24-2020
87,San Francisco State University,5,10847.0,10946.0,San Francisco,San Francisco,California,09-24-2020
88,San Jose State University,42,20452.0,20756.0,San Jose,Santa Clara,California,09-24-2020
89,Santa Clara University,14,20452.0,20756.0,Santa Clara,Santa Clara,California,09-24-2020
90,Santa Monica College,15,257959.0,264414.0,Santa Monica,Los Angeles,California,09-24-2020
91,Scripps College,4,257959.0,264414.0,Claremont,Los Angeles,California,09-24-2020
92,Shasta College,1,743.0,759.0,Redding,Shasta,California,09-24-2020
93,Southwestern College,6,44823.0,45596.0,Chula Vista,San Diego,California,09-24-2020
94,Stanford University*,137,20452.0,20756.0,Stanford,Santa Clara,California,09-24-2020
95,"University of California, Berkeley",166,20554.0,20951.0,Berkeley,Alameda,California,09-24-2020
96,"University of California, Davis",74,2727.0,2782.0,Davis,Yolo,California,09-24-2020
97,"University of California, Hastings College of Law",1,10847.0,10946.0,San Francisco,San Francisco,California,09-24-2020
98,"University of California, Irvine",99,51440.0,52622.0,Irvine,Orange,California,09-24-2020
99,"University of California, Los Angeles",136,257959.0,264414.0,Los Angeles,Los Angeles,California,09-24-2020
100,"University of California, Merced",1,8688.0,8828.0,Merced,Merced,California,09-24-2020
101,"University of California, Riverside",48,56704.0,57883.0,Riverside,Riverside,California,09-24-2020
102,"University of California, San Diego*",237,44823.0,45596.0,San Diego,San Diego,California,09-24-2020
103,"University of California, Santa Barbara",11,8860.0,8973.0,Santa Barbara,Santa Barbara,California,09-24-2020
104,"University of California, Santa Cruz",16,2767.0,2830.0,Santa Cruz,Santa Cruz,California,09-24-2020
105,University of Redlands,5,52441.0,53359.0,Redlands,San Bernardino,California,09-24-2020
106,University of San Diego,1,44823.0,45596.0,San Diego,San Diego,California,09-24-2020
107,University of San Francisco,6,10847.0,10946.0,San Francisco,San Francisco,California,09-24-2020
108,University of Southern California,358,257959.0,264414.0,Los Angeles,Los Angeles,California,09-24-2020
109,Adams State University,3,233.0,242.0,Alamosa,Alamosa,Colorado,09-24-2020
110,Arapahoe Community College,4,8701.0,9071.0,Littleton,Arapahoe,Colorado,09-24-2020
111,Colorado Christian University,1,,,Lakewood,,Colorado,09-24-2020
112,Colorado College,11,6590.0,6760.0,Colorado Springs,El Paso,Colorado,09-24-2020
113,Colorado Mesa University,20,551.0,558.0,Grand Junction,Mesa,Colorado,09-24-2020
114,Colorado School of Mines,29,0.0,19441.0,Golden,Jefferson,Colorado,09-24-2020
115,Colorado State University,118,2398.0,2449.0,Fort Collins,Larimer,Colorado,09-24-2020
116,Community College of Denver,2,8549.0,8773.0,Denver,Adams,Colorado,09-24-2020
117,Fort Lewis College,18,257.0,259.0,Durango,La Plata,Colorado,09-24-2020
118,Front Range Community College,4,8549.0,8773.0,Westminster,Adams,Colorado,09-24-2020
119,Metropolitan State University of Denver,4,8549.0,8773.0,Denver,Adams,Colorado,09-24-2020
120,Morgan Community College,1,0.0,3254.0,Fort Morgan,Morgan,Colorado,09-24-2020
121,Pikes Peak Community College,2,6590.0,6760.0,Colorado Springs,El Paso,Colorado,09-24-2020
122,Regis University,6,8549.0,8773.0,Denver,Adams,Colorado,09-24-2020
123,Trinidad State Junior College,2,23.0,23.0,Trinidad,Las Animas,Colorado,09-24-2020
124,University of Colorado Boulder,188,3980.0,4059.0,Boulder,Boulder,Colorado,09-24-2020
125,University of Colorado Colorado Springs,5,6590.0,6760.0,Colorado Springs,El Paso,Colorado,09-24-2020
126,University of Colorado Denver and Anschutz Medical Campus,1,8549.0,8773.0,Aurora,Adams,Colorado,09-24-2020
127,University of Denver,15,8549.0,8773.0,Denver,Adams,Colorado,09-24-2020
128,University of Northern Colorado,20,4475.0,4624.0,Greeley,Weld,Colorado,09-24-2020
129,Western Colorado University,12,289.0,296.0,Gunnison,Gunnison,Colorado,09-24-2020
130,Central Connecticut State University,32,13072.0,14506.0,New Britain,Hartford,Connecticut,09-24-2020
131,Connecticut College,3,1716.0,1830.0,New London,New London,Connecticut,09-24-2020
132,Sacred Heart University,42,18564.0,19985.0,Fairfield,Fairfield,Connecticut,09-24-2020
133,Southern Connecticut State University,2,13204.0,14319.0,New Haven,New Haven,Connecticut,09-24-2020
134,Trinity College,3,13072.0,14506.0,Hartford,Hartford,Connecticut,09-24-2020
135,United States Coast Guard Academy,9,1716.0,1830.0,New London,New London,Connecticut,09-24-2020
136,University of Connecticut*,200,,,Storrs,,Connecticut,09-24-2020
137,University of Hartford,2,13072.0,14506.0,West Hartford,Hartford,Connecticut,09-24-2020
138,Wesleyan University,5,1371.0,1564.0,Middletown,Middlesex,Connecticut,09-24-2020
139,Yale University,136,13204.0,14319.0,New Haven,New Haven,Connecticut,09-24-2020
140,Delaware State University,35,2787.0,2903.0,Dover,Kent,Delaware,09-24-2020
141,Delaware Technical Community College Dover,2,2787.0,2903.0,Dover,Kent,Delaware,09-24-2020
142,Delaware Technical Community College Georgetown,6,6487.0,6691.0,Georgetown,Sussex,Delaware,09-24-2020
143,Delaware Technical Community College Stanton,3,,,Stanton,,Delaware,09-24-2020
144,University of Delaware,89,9555.0,9865.0,Newark,New Castle,Delaware,09-24-2020
145,Wesley College,1,2787.0,2903.0,Dover,Kent,Delaware,09-24-2020
146,Barry University,1,,,Miami,Miami-dade,Florida,09-24-2020
147,Daytona State College,20,10451.0,10689.0,Daytona Beach,Volusia,Florida,09-24-2020
148,Eckerd College,2,21026.0,21765.0,Saint Petersburg,Pinellas,Florida,09-24-2020
149,Embry-Riddle Aeronautical University at Daytona Beach,39,10451.0,10689.0,Daytona Beach,Volusia,Florida,09-24-2020
150,Flagler College,28,,,St. Augustine,,Florida,09-24-2020
151,Florida A&M University,45,10213.0,10278.0,Tallahassee,Leon,Florida,09-24-2020
152,Florida Atlantic University,30,44536.0,45866.0,Boca Raton,Palm Beach,Florida,09-24-2020
153,Florida College,30,,,Temple Terrace,,Florida,09-24-2020
154,Florida Gulf Coast University,41,0.0,5829.0,Fort Myers,Lee,Florida,09-24-2020
155,Florida Institute of Technology,14,8346.0,8636.0,Melbourne,Brevard,Florida,09-24-2020
156,Florida International University,147,,,Miami,Miami-dade,Florida,09-24-2020
157,Florida Polytechnic University,9,253.0,257.0,Lakeland,Polk,Florida,09-24-2020
158,Florida State College at Jacksonville,16,29478.0,29845.0,Jacksonville,Duval,Florida,09-24-2020
159,Florida State University,853,10213.0,10278.0,Tallahassee,Leon,Florida,09-24-2020
160,Jacksonville University,20,29478.0,29845.0,Jacksonville,Duval,Florida,09-24-2020
161,Miami Dade College,147,,,Miami,Miami-dade,Florida,09-24-2020
162,New College of Florida,2,11066.0,11352.0,Sarasota,Manatee,Florida,09-24-2020
163,North Florida College,6,0.0,7754.0,Madison,Madison,Florida,09-24-2020
164,Northwest Florida State College,8,4727.0,4836.0,Niceville,Okaloosa,Florida,09-24-2020
165,Nova Southeastern University,1,74971.0,76329.0,Fort Lauderdale,Broward,Florida,09-24-2020
166,Palm Beach Atlantic University,20,44536.0,45866.0,West Palm Beach,Palm Beach,Florida,09-24-2020
167,Palm Beach State College,33,44536.0,45866.0,Lake Worth,Palm Beach,Florida,09-24-2020
168,Pensacola State College,1,0.0,1584.0,Pensacola,Escambia,Florida,09-24-2020
169,Polk State College,28,253.0,257.0,Winter Haven,Polk,Florida,09-24-2020
170,Rollins College,2,51440.0,52622.0,Winter Park,Orange,Florida,09-24-2020
171,South Florida State College,9,2039.0,2121.0,Avon Park,Highlands,Florida,09-24-2020
172,St. Petersburg College,21,,,St. Petersburg,,Florida,09-24-2020
173,"State College of Florida, Manatee-Sarasota",24,11066.0,11352.0,Bradenton,Manatee,Florida,09-24-2020
174,Stetson University,32,,,DeLand,,Florida,09-24-2020
175,The College of the Florida Keys,6,0.0,581.0,Key West,Monroe,Florida,09-24-2020
176,University of Central Florida,829,8346.0,8636.0,Orlando,Brevard,Florida,09-24-2020
177,University of Florida,300,7811.0,7862.0,Gainesville,Alachua,Florida,09-24-2020
178,University of Miami*,259,,,Miami,Miami-dade,Florida,09-24-2020
179,University of North Florida,83,29478.0,29845.0,Jacksonville,Duval,Florida,09-24-2020
180,University of South Florida*,270,,,Tampa,,Florida,09-24-2020
181,University of South Florida Sarasota-Manatee,6,11066.0,11352.0,Sarasota,Manatee,Florida,09-24-2020
182,"University of South Florida, St. Petersburg",13,,,St. Petersburg,,Florida,09-24-2020
183,University of Tampa,28,,,Tampa,,Florida,09-24-2020
184,University of West Florida,81,0.0,1584.0,Pensacola,Escambia,Florida,09-24-2020
185,Valencia College,21,8346.0,8636.0,Orlando,Brevard,Florida,09-24-2020
186,Abraham Baldwin Agricultural College,35,1691.0,1747.0,Tifton,Tift,Georgia,09-24-2020
187,Agnes Scott College,1,,,Decatur,Dekalb,Georgia,09-24-2020
188,Albany State University,55,2943.0,3129.0,Albany,Dougherty,Georgia,09-24-2020
189,Augusta University,138,394.0,412.0,Augusta,Columbia,Georgia,09-24-2020
190,Berry College,35,3056.0,3100.0,Mount Berry,Floyd,Georgia,09-24-2020
191,Clayton State University,53,6888.0,7049.0,Morrow,Clayton,Georgia,09-24-2020
192,College of Coastal Georgia,40,3339.0,3433.0,Brunswick,Glynn,Georgia,09-24-2020
193,Columbus State University,24,5777.0,5944.0,Columbus,Muscogee,Georgia,09-24-2020
194,Covenant College,14,0.0,2284.0,Lookout Mountain,Walker,Georgia,09-24-2020
195,Dalton State College,19,4456.0,4517.0,Dalton,Whitfield,Georgia,09-24-2020
196,East Georgia State College,28,988.0,1018.0,Swainsboro,Emanuel,Georgia,09-24-2020
197,Emory University,125,,,Atlanta,Dekalb,Georgia,09-24-2020
198,Fort Valley State University,29,641.0,664.0,Fort Valley,Peach,Georgia,09-24-2020
199,Georgia College & State University,663,0.0,5165.0,Milledgeville,Baldwin,Georgia,09-24-2020
200,Georgia Gwinnett College,75,26653.0,27051.0,Lawrenceville,Gwinnett,Georgia,09-24-2020
201,Georgia Highlands College,28,3056.0,3100.0,Rome,Floyd,Georgia,09-24-2020
202,Georgia Institute of Technology,800,,,Atlanta,Dekalb,Georgia,09-24-2020
203,Georgia Military College,1,0.0,5165.0,Milledgeville,Baldwin,Georgia,09-24-2020
204,Georgia Southern University,635,2818.0,2845.0,Statesboro,Bulloch,Georgia,09-24-2020
205,Georgia Southwestern State University,33,,,Americus,,Georgia,09-24-2020
206,Georgia State University,107,,,Atlanta,Dekalb,Georgia,09-24-2020
207,Gordon State College,7,0.0,363.0,Barnesville,Lamar,Georgia,09-24-2020
208,Kennesaw State University,82,18931.0,19354.0,Kennesaw,Cobb,Georgia,09-24-2020
209,LaGrange College,8,,,LaGrange,,Georgia,09-24-2020
210,Mercer University,165,0.0,642.0,Macon,Bibb,Georgia,09-24-2020
211,Middle Georgia State University,104,0.0,642.0,Macon,Bibb,Georgia,09-24-2020
212,South Georgia State College,24,0.0,1307.0,Douglas,Coffee,Georgia,09-24-2020
213,University of Georgia,"3,045",0.0,1077.0,Athens,Clarke,Georgia,09-24-2020
214,University of North Georgia,328,887.0,901.0,Dahlonega,Lumpkin,Georgia,09-24-2020
215,University of West Georgia,143,630.0,639.0,Carrollton,Carroll,Georgia,09-24-2020
216,Valdosta State University,78,0.0,653.0,Valdosta,Lowndes,Georgia,09-24-2020
217,Wesleyan College,21,0.0,642.0,Macon,Bibb,Georgia,09-24-2020
218,Hawaii Pacific University,1,10528.0,10627.0,Honolulu,Honolulu,Hawaii,09-24-2020
219,Kapiolani Community College,3,10528.0,10627.0,Honolulu,Honolulu,Hawaii,09-24-2020
220,Leeward Community College,3,10528.0,10627.0,Pearl City,Honolulu,Hawaii,09-24-2020
221,University of Hawaii Maui College,1,379.0,388.0,Kahului,Maui,Hawaii,09-24-2020
222,University of Hawaii at Manoa,13,10528.0,10627.0,Honolulu,Honolulu,Hawaii,09-24-2020
223,Boise State University,99,,,Boise,,Idaho,09-24-2020
224,Brigham Young University-Idaho,1,0.0,7754.0,Rexburg,Madison,Idaho,09-24-2020
225,College of Idaho,24,7947.0,8048.0,Caldwell,Canyon,Idaho,09-24-2020
226,College of Southern Idaho,3,2126.0,2162.0,Twin Falls,Twin Falls,Idaho,09-24-2020
227,Idaho State University,53,957.0,961.0,Pocatello,Bannock,Idaho,09-24-2020
228,Lewis-Clark State College,3,407.0,431.0,Lewiston,Nez Perce,Idaho,09-24-2020
229,North Idaho College,9,,,Coeur d'Alene,,Idaho,09-24-2020
230,Northwest Nazarene University,1,7947.0,8048.0,Nampa,Canyon,Idaho,09-24-2020
231,University of Idaho,87,376.0,376.0,Moscow,Latah,Idaho,09-24-2020
232,Augustana College,3,2826.0,2901.0,Rock Island,Rock Island,Illinois,09-24-2020
233,Aurora University,1,,,Aurora,Dupage,Illinois,09-24-2020
234,Bradley University,39,3303.0,3352.0,Peoria,Peoria,Illinois,09-24-2020
235,Chicago State University,17,533.0,546.0,Chicago,Cook,Illinois,09-24-2020
236,Columbia College Chicago,2,533.0,546.0,Chicago,Cook,Illinois,09-24-2020
237,Concordia University Chicago,1,533.0,546.0,River Forest,Cook,Illinois,09-24-2020
238,DePaul University,6,533.0,546.0,Chicago,Cook,Illinois,09-24-2020
239,Dominican University,1,533.0,546.0,River Forest,Cook,Illinois,09-24-2020
240,Eastern Illinois University,142,1387.0,1417.0,Charleston,Coles,Illinois,09-24-2020
241,Elmhurst University,13,,,Elmhurst,Dupage,Illinois,09-24-2020
242,Eureka College,11,406.0,412.0,Eureka,Woodford,Illinois,09-24-2020
243,Governors State University,3,,,University Park,,Illinois,09-24-2020
244,Greenville University,12,299.0,304.0,Greenville,Bond,Illinois,09-24-2020
245,Illinois Institute of Technology,33,533.0,546.0,Chicago,Cook,Illinois,09-24-2020
246,Illinois State University,"1,327",,,Normal,Mclean,Illinois,09-24-2020
247,Illinois Wesleyan University,97,,,Bloomington,Mclean,Illinois,09-24-2020
248,Kaskaskia College,20,0.0,957.0,Centralia,Marion,Illinois,09-24-2020
249,Lake Forest College,1,519.0,530.0,Lake Forest,Lake,Illinois,09-24-2020
250,Lake Land College,21,1387.0,1417.0,Mattoon,Coles,Illinois,09-24-2020
251,Lewis University,19,13344.0,13720.0,Romeoville,Will,Illinois,09-24-2020
252,Loyola University Chicago,3,533.0,546.0,Chicago,Cook,Illinois,09-24-2020
253,McKendree University,72,,,Lebanon,Saint Clair,Illinois,09-24-2020
254,Midwestern University at Downers Grove,30,,,Downers Grove,Dupage,Illinois,09-24-2020
255,Millikin University,29,0.0,480.0,Decatur,Macon,Illinois,09-24-2020
256,Monmouth College,15,136.0,141.0,Monmouth,Warren,Illinois,09-24-2020
257,Moody Bible Institute,7,533.0,546.0,Chicago,Cook,Illinois,09-24-2020
258,North Central College,20,,,Naperville,Dupage,Illinois,09-24-2020
259,North Park University,9,533.0,546.0,Chicago,Cook,Illinois,09-24-2020
260,Northeastern Illinois University,39,533.0,546.0,Chicago,Cook,Illinois,09-24-2020
261,Northern Illinois University,151,,,Dekalb,Dekalb,Illinois,09-24-2020
262,Northwestern University,73,533.0,546.0,Evanston,Cook,Illinois,09-24-2020
263,Olivet Nazarene University,9,2617.0,2694.0,Bourbonnais,Kankakee,Illinois,09-24-2020
264,Principia College,1,373.0,387.0,Elsah,Jersey,Illinois,09-24-2020
265,Quincy University,5,8549.0,8773.0,Quincy,Adams,Illinois,09-24-2020
266,Saint Xavier University,4,533.0,546.0,Chicago,Cook,Illinois,09-24-2020
267,School of the Art Institute of Chicago,1,533.0,546.0,Chicago,Cook,Illinois,09-24-2020
268,Southeastern Illinois College,5,1997.0,2020.0,Harrisburg,Saline,Illinois,09-24-2020
269,Southern Illinois University Carbondale,13,0.0,1546.0,Carbondale,Jackson,Illinois,09-24-2020
270,Southern Illinois University Edwardsville,33,0.0,7754.0,Edwardsville,Madison,Illinois,09-24-2020
271,University of Chicago,52,533.0,546.0,Chicago,Cook,Illinois,09-24-2020
272,University of Illinois Springfield,15,2267.0,2311.0,Springfield,Sangamon,Illinois,09-24-2020
273,University of Illinois Urbana-Champaign,"1,760",4518.0,4538.0,Champaign,Champaign,Illinois,09-24-2020
274,University of Illinois at Chicago,67,533.0,546.0,Chicago,Cook,Illinois,09-24-2020
275,Western Illinois University,99,,,Macomb,Mcdonough,Illinois,09-24-2020
276,Wheaton College,3,,,Wheaton,Dupage,Illinois,09-24-2020
277,Ball State University,909,1857.0,1918.0,Muncie,Delaware,Indiana,09-24-2020
278,Butler University,53,833.0,841.0,Indianapolis,Hamilton,Indiana,09-24-2020
279,DePauw University,33,2064.0,2102.0,Greencastle,Putnam,Indiana,09-24-2020
280,Earlham College,4,1082.0,1110.0,Richmond,Wayne,Indiana,09-24-2020
281,Goshen College,2,6368.0,6477.0,Goshen,Elkhart,Indiana,09-24-2020
282,Indiana State University,93,,,Terre Haute,,Indiana,09-24-2020
283,Indiana University Bloomington,286,0.0,581.0,Bloomington,Monroe,Indiana,09-24-2020
284,Indiana University East,5,1082.0,1110.0,Richmond,Wayne,Indiana,09-24-2020
285,Indiana University Kokomo,5,456.0,465.0,Kokomo,Howard,Indiana,09-24-2020
286,Indiana University Northwest,1,519.0,530.0,Gary,Lake,Indiana,09-24-2020
287,Indiana University South Bend,5,,,South Bend,St Joseph,Indiana,09-24-2020
288,Indiana University-Purdue University Indianapolis,48,833.0,841.0,Indianapolis,Hamilton,Indiana,09-24-2020
289,Manchester University,6,148.0,149.0,North Manchester,Wabash,Indiana,09-24-2020
290,Purdue University,322,2334.0,2347.0,West Lafayette,Tippecanoe,Indiana,09-24-2020
291,Purdue University Fort Wayne,27,5912.0,6113.0,Fort Wayne,Allen,Indiana,09-24-2020
292,Purdue University Northwest,18,519.0,530.0,Hammond,Lake,Indiana,09-24-2020
293,Saint Mary's College,32,,,Notre Dame,St Joseph,Indiana,09-24-2020
294,Taylor University,3,253.0,255.0,Upland,Grant,Indiana,09-24-2020
295,Trine University,13,371.0,378.0,Angola,Steuben,Indiana,09-24-2020
296,University of Evansville,23,3506.0,3536.0,Evansville,Vanderburgh,Indiana,09-24-2020
297,University of Notre Dame,626,,,Notre Dame,St Joseph,Indiana,09-24-2020
298,University of Southern Indiana,45,3506.0,3536.0,Evansville,Vanderburgh,Indiana,09-24-2020
299,Valparaiso University,9,2059.0,2105.0,Valparaiso,Porter,Indiana,09-24-2020
300,Vincennes University,6,628.0,631.0,Vincennes,Knox,Indiana,09-24-2020
301,Wabash College,14,0.0,8778.0,Crawfordsville,Montgomery,Indiana,09-24-2020
302,Buena Vista University,8,1960.0,1972.0,Storm Lake,Buena Vista,Iowa,09-24-2020
303,Central College,4,0.0,957.0,Pella,Marion,Iowa,09-24-2020
304,Clarke University,13,3060.0,3101.0,Dubuque,Dubuque,Iowa,09-24-2020
305,Coe College,24,3831.0,3941.0,Cedar Rapids,Linn,Iowa,09-24-2020
306,Cornell College,2,3831.0,3941.0,Mount Vernon,Linn,Iowa,09-24-2020
307,Dordt University,28,1501.0,1504.0,Sioux Center,Sioux,Iowa,09-24-2020
308,Drake University,1,,,Des Moines,,Iowa,09-24-2020
309,Graceland University,7,1095.0,1124.0,Lamoni,Decatur,Iowa,09-24-2020
310,Iowa State University,"1,102",3388.0,3405.0,Ames,Story,Iowa,09-24-2020
311,Iowa Wesleyan University,46,0.0,486.0,Mount Pleasant,Henry,Iowa,09-24-2020
312,Luther College,3,318.0,324.0,Decorah,Winneshiek,Iowa,09-24-2020
313,Morningside College,19,5200.0,5263.0,Sioux City,Woodbury,Iowa,09-24-2020
314,Northwestern College,17,1501.0,1504.0,Orange City,Sioux,Iowa,09-24-2020
315,Simpson College,7,136.0,141.0,Indianola,Warren,Iowa,09-24-2020
316,University of Dubuque,13,3060.0,3101.0,Dubuque,Dubuque,Iowa,09-24-2020
317,University of Iowa,"1,616",829.0,834.0,Iowa City,Johnson,Iowa,09-24-2020
318,University of Northern Iowa,123,4348.0,4436.0,Cedar Falls,Black Hawk,Iowa,09-24-2020
319,Upper Iowa University,9,0.0,443.0,Fayette,Fayette,Iowa,09-24-2020
320,Wartburg College,69,476.0,483.0,Waverly,Bremer,Iowa,09-24-2020
321,William Penn University,30,372.0,391.0,Oskaloosa,Mahaska,Iowa,09-24-2020
322,Baker University,38,2424.0,2484.0,Baldwin City,Douglas,Kansas,09-24-2020
323,Benedictine College,98,305.0,307.0,Atchison,Atchison,Kansas,09-24-2020
324,Bethel College,54,342.0,346.0,North Newton,Harvey,Kansas,09-24-2020
325,Butler Community College,37,0.0,913.0,El Dorado,Butler,Kansas,09-24-2020
326,Central Christian College,8,,,McPherson,,Kansas,09-24-2020
327,Emporia State University,38,303.0,307.0,Emporia,Lyon,Kansas,09-24-2020
328,Fort Hays State University,33,923.0,926.0,Hays,Ellis,Kansas,09-24-2020
329,Hutchinson Community College,12,1017.0,1020.0,Hutchinson,Reno,Kansas,09-24-2020
330,Johnson County Community College,38,829.0,834.0,Overland Park,Johnson,Kansas,09-24-2020
331,Kansas State University,479,1726.0,1734.0,Manhattan,Riley,Kansas,09-24-2020
332,Kansas Wesleyan University,13,1997.0,2020.0,Salina,Saline,Kansas,09-24-2020
333,Labette Community College,5,229.0,233.0,Parsons,Labette,Kansas,09-24-2020
334,Newman University,4,,,Whichita,,Kansas,09-24-2020
335,Pittsburg State University,144,1301.0,1316.0,Pittsburg,Crawford,Kansas,09-24-2020
336,Southwestern College,6,342.0,346.0,Winfield,Cowley,Kansas,09-24-2020
337,University of Kansas,612,2424.0,2484.0,Lawrence,Douglas,Kansas,09-24-2020
338,Washburn University,33,2614.0,2644.0,Topeka,Shawnee,Kansas,09-24-2020
339,Wichita State University,38,13.0,14.0,Wichita,Sedgwick,Kansas,09-24-2020
340,Alice Lloyd College,9,182.0,183.0,Pippa Passes,Knott,Kentucky,09-24-2020
341,Asbury University,2,582.0,582.0,Wilmore,Jessamine,Kentucky,09-24-2020
342,Bellarmine University,13,0.0,19441.0,Louisville,Jefferson,Kentucky,09-24-2020
343,Berea College,4,0.0,7754.0,Berea,Madison,Kentucky,09-24-2020
344,Big Sandy Community and Technical College,1,3056.0,3100.0,Prestonsburg,Floyd,Kentucky,09-24-2020
345,Bluegrass Community and Technical College,28,0.0,443.0,Lexington,Fayette,Kentucky,09-24-2020
346,Campbellsville University,16,1298.0,1310.0,Campbellsville,Taylor,Kentucky,09-24-2020
347,Centre College,7,273.0,273.0,Danville,Boyle,Kentucky,09-24-2020
348,Eastern Kentucky University,88,0.0,7754.0,Richmond,Madison,Kentucky,09-24-2020
349,Elizabethtown Community and Technical College,5,37.0,37.0,Elizabethtown,Hardin,Kentucky,09-24-2020
350,Georgetown College,27,96.0,97.0,Georgetown,Scott,Kentucky,09-24-2020
351,Hazard Community and Technical College,1,0.0,540.0,Hazard,Perry,Kentucky,09-24-2020
352,Henderson Community College,2,66.0,66.0,Henderson,Henderson,Kentucky,09-24-2020
353,Hopkinsville Community College,2,452.0,463.0,Hopkinsville,Christian,Kentucky,09-24-2020
354,Kentucky State University,41,0.0,1755.0,Frankfort,Franklin,Kentucky,09-24-2020
355,Kentucky Wesleyan College,14,630.0,658.0,Owensboro,Daviess,Kentucky,09-24-2020
356,Lexington Theological Seminary,1,0.0,443.0,Lexington,Fayette,Kentucky,09-24-2020
357,Lindsey Wilson College,7,68.0,69.0,Columbia,Adair,Kentucky,09-24-2020
358,Madisonville Community College,1,579.0,618.0,Madisonville,Hopkins,Kentucky,09-24-2020
359,Midway University,3,406.0,412.0,Midway,Woodford,Kentucky,09-24-2020
360,Morehead State University,58,213.0,214.0,Morehead,Rowan,Kentucky,09-24-2020
361,Murray State University,72,551.0,559.0,Murray,Calloway,Kentucky,09-24-2020
362,Northern Kentucky University,3,,,Highland Heights,,Kentucky,09-24-2020
363,Southcentral Kentucky Community and Technical College,9,136.0,141.0,Bowling Green,Warren,Kentucky,09-24-2020
364,Spalding University,1,0.0,19441.0,Louisville,Jefferson,Kentucky,09-24-2020
365,Thomas More University,10,,,Crestview Hills,,Kentucky,09-24-2020
366,Transylvania University,36,0.0,443.0,Lexington,Fayette,Kentucky,09-24-2020
367,Union College,35,628.0,631.0,Barbourville,Knox,Kentucky,09-24-2020
368,University of Kentucky,994,0.0,443.0,Lexington,Fayette,Kentucky,09-24-2020
369,University of Louisville,326,0.0,19441.0,Louisville,Jefferson,Kentucky,09-24-2020
370,University of Pikeville,20,0.0,1187.0,Pikeville,Pike,Kentucky,09-24-2020
371,University of the Cumberlands,4,254.0,261.0,Williamsburg,Whitley,Kentucky,09-24-2020
372,West Kentucky Community and Technical College,4,,,Paducah,Mccracken,Kentucky,09-24-2020
373,Western Kentucky University,491,136.0,141.0,Bowling Green,Warren,Kentucky,09-24-2020
374,Centenary College of Louisiana,27,8053.0,8403.0,Shreveport,Caddo,Louisiana,09-24-2020
375,Grambling State University,8,1933.0,1948.0,Grambling,Lincoln,Louisiana,09-24-2020
376,Louisiana State University,489,14579.0,15018.0,Baton Rouge,East Baton Rouge,Louisiana,09-24-2020
377,Louisiana State University Alexandria,17,4006.0,4154.0,Alexandria,Rapides,Louisiana,09-24-2020
378,"Louisiana State University Health Sciences Center, New Orleans*",232,0.0,19441.0,New Orleans,Jefferson,Louisiana,09-24-2020
379,"Louisiana State University Health Sciences Center, Shreveport*",1,8053.0,8403.0,Shreveport,Caddo,Louisiana,09-24-2020
380,Louisiana Tech University,62,1933.0,1948.0,Ruston,Lincoln,Louisiana,09-24-2020
381,Loyola University New Orleans,21,0.0,19441.0,New Orleans,Jefferson,Louisiana,09-24-2020
382,Nicholls State University,88,3498.0,3618.0,Thibodaux,Lafourche,Louisiana,09-24-2020
383,Northwestern State University of Louisiana,67,1085.0,1110.0,Natchitoches,Natchitoches,Louisiana,09-24-2020
384,Southeastern Louisiana University,73,4317.0,4435.0,Hammond,Tangipahoa,Louisiana,09-24-2020
385,Southern University Law Center,7,14579.0,15018.0,Baton Rouge,East Baton Rouge,Louisiana,09-24-2020
386,Southern University and A&M College,68,14579.0,15018.0,Baton Rouge,East Baton Rouge,Louisiana,09-24-2020
387,Southern University at New Orleans,15,0.0,19441.0,New Orleans,Jefferson,Louisiana,09-24-2020
388,Tulane University of Louisiana,519,0.0,19441.0,New Orleans,Jefferson,Louisiana,09-24-2020
389,University of Louisiana Monroe,15,248.0,254.0,Monroe,Ouachita,Louisiana,09-24-2020
390,University of Louisiana at Lafayette,84,,,Lafeyette,,Louisiana,09-24-2020
391,University of New Orleans,10,0.0,19441.0,New Orleans,Jefferson,Louisiana,09-24-2020
392,Bates College,4,688.0,698.0,Lewiston,Androscoggin,Maine,09-24-2020
393,Bowdoin College,1,200.0,204.0,Brunswick,Cumberland,Maine,09-24-2020
394,Colby College,8,198.0,209.0,Waterville,Kennebec,Maine,09-24-2020
395,Husson University,1,247.0,253.0,Bangor,Penobscot,Maine,09-24-2020
396,Maine Maritime Academy,4,344.0,386.0,Castine,Hancock,Maine,09-24-2020
397,University of Maine,8,247.0,253.0,Orono,Penobscot,Maine,09-24-2020
398,University of Maine Farmington,1,0.0,1755.0,Farmington,Franklin,Maine,09-24-2020
399,University of Maine at Fort Kent,1,43.0,44.0,Fort Kent,Aroostook,Maine,09-24-2020
400,University of New England,12,1118.0,1133.0,Biddeford,York,Maine,09-24-2020
401,University of Southern Maine,4,200.0,204.0,Portland,Cumberland,Maine,09-24-2020
402,Bowie State University,7,,,Bowie,Prince Georges,Maryland,09-24-2020
403,Coppin State University,6,9566.0,9812.0,Baltimore,Anne Arundel,Maryland,09-24-2020
404,Frostburg State University,23,437.0,459.0,Frostburg,Allegany,Maryland,09-24-2020
405,Hood College,4,3844.0,3975.0,Frederick,Frederick,Maryland,09-24-2020
406,Johns Hopkins University,1,9566.0,9812.0,Baltimore,Anne Arundel,Maryland,09-24-2020
407,McDaniel College,8,630.0,639.0,Westminster,Carroll,Maryland,09-24-2020
408,Morgan State University,13,9566.0,9812.0,Baltimore,Anne Arundel,Maryland,09-24-2020
409,Mount St. Mary's University,17,3844.0,3975.0,Emmitsburg,Frederick,Maryland,09-24-2020
410,Salisbury University,34,1888.0,1936.0,Salisbury,Wicomico,Maryland,09-24-2020
411,St. Mary's College of Maryland,4,,,St. Mary's City,,Maryland,09-24-2020
412,Stevenson University,45,17034.0,17655.0,Stevenson,Baltimore,Maryland,09-24-2020
413,Towson University,273,17034.0,17655.0,Towson,Baltimore,Maryland,09-24-2020
414,United States Naval Academy,7,9566.0,9812.0,Annapolis,Anne Arundel,Maryland,09-24-2020
415,University of Maryland Eastern Shore,23,77.0,85.0,Princess Anne,Somerset,Maryland,09-24-2020
416,"University of Maryland, Baltimore",1,9566.0,9812.0,Baltimore,Anne Arundel,Maryland,09-24-2020
417,"University of Maryland, Baltimore County",31,9566.0,9812.0,Baltimore,Anne Arundel,Maryland,09-24-2020
418,"University of Maryland, College Park",287,,,College Park,Prince Georges,Maryland,09-24-2020
419,American International College,4,7324.0,8098.0,Springfield,Hampden,Massachusetts,09-24-2020
420,Amherst College,3,1068.0,1211.0,Amherst,Hampshire,Massachusetts,09-24-2020
421,Anna Maria College,5,1002.0,1028.0,Paxton,Worcester,Massachusetts,09-24-2020
422,Assumption College,3,1002.0,1028.0,Worcester,Worcester,Massachusetts,09-24-2020
423,Babson College,5,9091.0,10142.0,Wellesley,Norfolk,Massachusetts,09-24-2020
424,Bentley University,2,1371.0,1564.0,Waltham,Middlesex,Massachusetts,09-24-2020
425,Boston College,86,1371.0,1564.0,Chestnut Hill,Middlesex,Massachusetts,09-24-2020
426,Boston University,83,22856.0,23988.0,Boston,Suffolk,Massachusetts,09-24-2020
427,Brandeis University,9,1371.0,1564.0,Waltham,Middlesex,Massachusetts,09-24-2020
428,Bridgewater State University,3,1084.0,1104.0,Bridgewater,Plymouth,Massachusetts,09-24-2020
429,Clark University,4,1002.0,1028.0,Worcester,Worcester,Massachusetts,09-24-2020
430,College of Our Lady of the Elms,1,7324.0,8098.0,Chicopee,Hampden,Massachusetts,09-24-2020
431,College of the Holy Cross,2,1002.0,1028.0,Worcester,Worcester,Massachusetts,09-24-2020
432,Eastern Nazarene College,8,9091.0,10142.0,Quincy,Norfolk,Massachusetts,09-24-2020
433,Emerson College,3,22856.0,23988.0,Boston,Suffolk,Massachusetts,09-24-2020
434,Emmanuel College,4,22856.0,23988.0,Boston,Suffolk,Massachusetts,09-24-2020
435,Framingham State University,5,1371.0,1564.0,Framingham,Middlesex,Massachusetts,09-24-2020
436,Harvard University,43,1371.0,1564.0,Cambridge,Middlesex,Massachusetts,09-24-2020
437,Hebrew College,1,,,Newton Centre,,Massachusetts,09-24-2020
438,Lasell University,3,1371.0,1564.0,Newton,Middlesex,Massachusetts,09-24-2020
439,Massachusetts College of Liberal Arts,1,656.0,705.0,North Adams,Berkshire,Massachusetts,09-24-2020
440,Massachusetts College of Pharmacy and Health Sciences*,5,22856.0,23988.0,Boston,Suffolk,Massachusetts,09-24-2020
441,Massachusetts Institute of Technology,19,1371.0,1564.0,Cambridge,Middlesex,Massachusetts,09-24-2020
442,Mount Holyoke College,3,1068.0,1211.0,South Hadley,Hampshire,Massachusetts,09-24-2020
443,Nichols College,3,1002.0,1028.0,Dudley,Worcester,Massachusetts,09-24-2020
444,Northeastern University,33,22856.0,23988.0,Boston,Suffolk,Massachusetts,09-24-2020
445,Salem State University,3,18148.0,19422.0,Salem,Essex,Massachusetts,09-24-2020
446,Smith College,2,1068.0,1211.0,Northampton,Hampshire,Massachusetts,09-24-2020
447,Springfield College,1,7324.0,8098.0,Springfield,Hampden,Massachusetts,09-24-2020
448,Suffolk University,8,22856.0,23988.0,Boston,Suffolk,Massachusetts,09-24-2020
449,Tufts University,18,1371.0,1564.0,Medford,Middlesex,Massachusetts,09-24-2020
450,University of Massachusetts Amherst,14,1068.0,1211.0,Amherst,Hampshire,Massachusetts,09-24-2020
451,University of Massachusetts Boston,16,22856.0,23988.0,Boston,Suffolk,Massachusetts,09-24-2020
452,University of Massachusetts Dartmouth,1,9203.0,9895.0,Dartmouth,Bristol,Massachusetts,09-24-2020
453,University of Massachusetts Lowell,2,1371.0,1564.0,Lowell,Middlesex,Massachusetts,09-24-2020
454,University of Massachusetts Medical School*,11,1002.0,1028.0,Worcester,Worcester,Massachusetts,09-24-2020
455,Wellesley College,2,9091.0,10142.0,Wellesley,Norfolk,Massachusetts,09-24-2020
456,Wentworth Institute of Technology,1,22856.0,23988.0,Boston,Suffolk,Massachusetts,09-24-2020
457,Western New England University,3,7324.0,8098.0,Springfield,Hampden,Massachusetts,09-24-2020
458,Wheaton College,1,9203.0,9895.0,Norton,Bristol,Massachusetts,09-24-2020
459,Williams College,2,656.0,705.0,Williamstown,Berkshire,Massachusetts,09-24-2020
460,Worcester Polytechnic Institute,10,1002.0,1028.0,Worcester,Worcester,Massachusetts,09-24-2020
461,Adrian College,227,770.0,788.0,Adrian,Lenawee,Michigan,09-24-2020
462,Alma College,4,248.0,263.0,Alma,Gratiot,Michigan,09-24-2020
463,Andrews University,8,434.0,446.0,Berrien Springs,Berrien,Michigan,09-24-2020
464,Aquinas College,6,2787.0,2903.0,Grand Rapids,Kent,Michigan,09-24-2020
465,Calvin University,17,2787.0,2903.0,Grand Rapids,Kent,Michigan,09-24-2020
466,Central Michigan University,186,677.0,690.0,Mount Pleasant,Isabella,Michigan,09-24-2020
467,Concordia University Ann Arbor,1,3367.0,3482.0,Ann Arbor,Washtenaw,Michigan,09-24-2020
468,Davenport University,1,2787.0,2903.0,Grand Rapids,Kent,Michigan,09-24-2020
469,Eastern Michigan University,15,3367.0,3482.0,Ypsilanti,Washtenaw,Michigan,09-24-2020
470,Ferris State University,26,198.0,201.0,Big Rapids,Mecosta,Michigan,09-24-2020
471,Finlandia University,2,413.0,415.0,Hancock,Houghton,Michigan,09-24-2020
472,Grand Rapids Community College,7,2787.0,2903.0,Grand Rapids,Kent,Michigan,09-24-2020
473,Grand Valley State University,212,52.0,52.0,Allendale,Ottawa,Michigan,09-24-2020
474,Henry Ford College,5,1082.0,1110.0,Dearborn,Wayne,Michigan,09-24-2020
475,Hope College,48,52.0,52.0,Holland,Ottawa,Michigan,09-24-2020
476,Kettering University,3,4143.0,4451.0,Flint,Genesee,Michigan,09-24-2020
477,Lake Superior State University,5,,,Sault Ste. Marie,,Michigan,09-24-2020
478,Lawrence Technological University,2,19150.0,20346.0,Southfield,Oakland,Michigan,09-24-2020
479,Michigan State University,179,3359.0,3406.0,East Lansing,Ingham,Michigan,09-24-2020
480,Michigan Technological University,70,413.0,415.0,Houghton,Houghton,Michigan,09-24-2020
481,Northern Michigan University,48,337.0,349.0,Marquette,Marquette,Michigan,09-24-2020
482,Northwestern Michigan College,2,471.0,478.0,Traverse City,Grand Traverse,Michigan,09-24-2020
483,Northwood University,3,579.0,590.0,Midland,Midland,Michigan,09-24-2020
484,Oakland University,10,19150.0,20346.0,Rochester,Oakland,Michigan,09-24-2020
485,Olivet College,5,628.0,639.0,Olivet,Eaton,Michigan,09-24-2020
486,Saginaw Valley State University,21,5866.0,5968.0,University Center,Bay,Michigan,09-24-2020
487,Spring Arbor University,7,0.0,1546.0,Spring Arbor,Jackson,Michigan,09-24-2020
488,University of Detroit Mercy,5,1082.0,1110.0,Detroit,Wayne,Michigan,09-24-2020
489,University of Michigan,344,3367.0,3482.0,Ann Arbor,Washtenaw,Michigan,09-24-2020
490,University of Michigan-Flint,2,4143.0,4451.0,Flint,Genesee,Michigan,09-24-2020
491,Wayne State University,42,1082.0,1110.0,Detroit,Wayne,Michigan,09-24-2020
492,Western Michigan University,125,2670.0,2763.0,Kalamazoo,Kalamazoo,Michigan,09-24-2020
493,Augsburg University,4,5803.0,5935.0,Minneapolis,Anoka,Minnesota,09-24-2020
494,Bemidji State University,7,400.0,405.0,Bemidji,Beltrami,Minnesota,09-24-2020
495,Bethany Lutheran College,7,1641.0,1647.0,Mankato,Blue Earth,Minnesota,09-24-2020
496,Bethel University,3,7229.0,7354.0,Saint Paul,Dakota,Minnesota,09-24-2020
497,Carleton College,7,72.0,73.0,Northfield,Rice,Minnesota,09-24-2020
498,Gustavus Adolphus College,2,505.0,521.0,Saint Peter,Nicollet,Minnesota,09-24-2020
499,Macalester College,6,,,St. Paul,,Minnesota,09-24-2020
500,Martin Luther College,2,45.0,45.0,New Ulm,Brown,Minnesota,09-24-2020
501,Metropolitan State University,15,7229.0,7354.0,Saint Paul,Dakota,Minnesota,09-24-2020
502,Minnesota State University Moorhead,53,0.0,570.0,Moorhead,Clay,Minnesota,09-24-2020
503,"Minnesota State University, Mankato",65,1641.0,1647.0,Mankato,Blue Earth,Minnesota,09-24-2020
504,Saint Mary's University of Minnesota,22,845.0,863.0,Winona,Winona,Minnesota,09-24-2020
505,Southwest Minnesota State University,5,303.0,307.0,Marshall,Lyon,Minnesota,09-24-2020
506,St. Cloud State University,1,,,St. Cloud,,Minnesota,09-24-2020
507,St. Olaf College,38,72.0,73.0,Northfield,Rice,Minnesota,09-24-2020
508,University of Minnesota Twin Cities,124,5803.0,5935.0,Minneapolis,Anoka,Minnesota,09-24-2020
509,"University of Minnesota, Morris",2,136.0,137.0,Morris,Stevens,Minnesota,09-24-2020
510,Winona State University,97,845.0,863.0,Winona,Winona,Minnesota,09-24-2020
511,Delta State University,89,1757.0,1823.0,Cleveland,Bolivar,Mississippi,09-24-2020
512,Jackson State University,8,6904.0,7063.0,Jackson,Hinds,Mississippi,09-24-2020
513,Millsaps College,21,6904.0,7063.0,Jackson,Hinds,Mississippi,09-24-2020
514,Mississippi College,24,6904.0,7063.0,Clinton,Hinds,Mississippi,09-24-2020
515,Mississippi Delta Community College,19,1399.0,1445.0,Moorhead,Sunflower,Mississippi,09-24-2020
516,Mississippi State University,478,1723.0,1773.0,Mississippi State,Oktibbeha,Mississippi,09-24-2020
517,Mississippi University for Women*,24,0.0,653.0,Columbus,Lowndes,Mississippi,09-24-2020
518,Mississippi Valley State University,19,1314.0,1395.0,Itta Bena,Leflore,Mississippi,09-24-2020
519,Northeast Mississippi Community College,47,827.0,844.0,Booneville,Prentiss,Mississippi,09-24-2020
520,Rust College,1,0.0,3909.0,Holly Springs,Marshall,Mississippi,09-24-2020
521,University of Mississippi,530,100.0,102.0,Oxford,Lafayette,Mississippi,09-24-2020
522,University of Southern Mississippi,136,2384.0,2455.0,Hattiesburg,Forrest,Mississippi,09-24-2020
523,Central Methodist University,91,456.0,465.0,Fayette,Howard,Missouri,09-24-2020
524,College of the Ozarks,2,1141.0,1172.0,Point Lookout,Taney,Missouri,09-24-2020
525,Crowder College,30,210.0,228.0,Neosho,Newton,Missouri,09-24-2020
526,Drury University,60,0.0,303.0,Springfield,Greene,Missouri,09-24-2020
527,Evangel University,76,0.0,303.0,Springfield,Greene,Missouri,09-24-2020
528,Fontbonne University,3,,,Saint Louis,Saint Louis,Missouri,09-24-2020
529,Harris-Stowe State University,22,,,St. Louis,,Missouri,09-24-2020
530,Lincoln University of Missouri,4,1470.0,1481.0,Jefferson City,Cole,Missouri,09-24-2020
531,Lindenwood University,14,,,St. Charles,,Missouri,09-24-2020
532,Maryville University Saint Louis,40,,,St. Louis,,Missouri,09-24-2020
533,Missouri Baptist University,23,,,St. Louis,,Missouri,09-24-2020
534,Missouri Southern State University,32,207.0,211.0,Joplin,Jasper,Missouri,09-24-2020
535,Missouri State University,924,0.0,303.0,Springfield,Greene,Missouri,09-24-2020
536,Missouri University of Science and Technology,73,443.0,451.0,Rolla,Phelps,Missouri,09-24-2020
537,Missouri Western State University,24,,,St. Joseph,,Missouri,09-24-2020
538,Northwest Missouri State University,359,729.0,738.0,Maryville,Nodaway,Missouri,09-24-2020
539,Saint Louis University,78,,,St. Louis,,Missouri,09-24-2020
540,Southeast Missouri State University,53,1608.0,1620.0,Cape Girardeau,Cape Girardeau,Missouri,09-24-2020
541,Southwest Baptist University,28,253.0,257.0,Bolivar,Polk,Missouri,09-24-2020
542,St. Louis College of Pharmacy*,7,,,St. Louis,,Missouri,09-24-2020
543,St. Louis Community College,9,,,St. Louis,,Missouri,09-24-2020
544,Stephens College,8,678.0,688.0,Columbia,Boone,Missouri,09-24-2020
545,Truman State University,58,68.0,69.0,Kirksville,Adair,Missouri,09-24-2020
546,University of Central Missouri,2,829.0,834.0,Warrensburg,Johnson,Missouri,09-24-2020
547,University of Missouri,"1,178",678.0,688.0,Columbia,Boone,Missouri,09-24-2020
548,University of Missouri-Kansas City,56,0.0,570.0,Kansas City,Clay,Missouri,09-24-2020
549,University of Missouri-St. Louis*,26,,,Bellerive Acres,,Missouri,09-24-2020
550,Washington University in St. Louis*,2,,,St. Louis,,Missouri,09-24-2020
551,Webster University,29,,,Saint Louis,Saint Louis,Missouri,09-24-2020
552,Westminster College,48,616.0,618.0,Fulton,Callaway,Missouri,09-24-2020
553,William Jewell College,12,0.0,570.0,Liberty,Clay,Missouri,09-24-2020
554,William Woods University,28,616.0,618.0,Fulton,Callaway,Missouri,09-24-2020
555,Carroll College,5,,,Helena,Lewis And Clark,Montana,09-24-2020
556,Montana State University,36,69.0,71.0,Bozeman,Gallatin,Montana,09-24-2020
557,Chadron State College,42,121.0,121.0,Chadron,Dawes,Nebraska,09-24-2020
558,"Concordia University, Nebraska",53,1690.0,1695.0,Seward,Seward,Nebraska,09-24-2020
559,Creighton University,131,2424.0,2484.0,Omaha,Douglas,Nebraska,09-24-2020
560,Doane University,11,1997.0,2020.0,Crete,Saline,Nebraska,09-24-2020
561,Hastings College,7,8549.0,8773.0,Hastings,Adams,Nebraska,09-24-2020
562,Midland University,5,406.0,418.0,Fremont,Dodge,Nebraska,09-24-2020
563,Nebraska Wesleyan University,40,5986.0,6010.0,Lincoln,Lancaster,Nebraska,09-24-2020
564,Peru State College,40,99.0,100.0,Peru,Nemaha,Nebraska,09-24-2020
565,University of Nebraska Medical Center*,16,2424.0,2484.0,Omaha,Douglas,Nebraska,09-24-2020
566,University of Nebraska at Kearney,68,1020.0,1024.0,Kearney,Buffalo,Nebraska,09-24-2020
567,University of Nebraska at Omaha,74,2424.0,2484.0,Omaha,Douglas,Nebraska,09-24-2020
568,University of Nebraska-Lincoln,504,5986.0,6010.0,Lincoln,Lancaster,Nebraska,09-24-2020
569,Wayne State College,7,1082.0,1110.0,Wayne,Wayne,Nebraska,09-24-2020
570,College of Southern Nevada,49,325.0,329.0,Las Vegas,Clark,Nevada,09-24-2020
571,Nevada State College,10,325.0,329.0,Henderson,Clark,Nevada,09-24-2020
572,Truckee Meadows Community College,5,8724.0,8878.0,Reno,Washoe,Nevada,09-24-2020
573,"University of Nevada, Las Vegas",87,325.0,329.0,Las Vegas,Clark,Nevada,09-24-2020
574,"University of Nevada, Reno",114,8724.0,8878.0,Reno,Washoe,Nevada,09-24-2020
575,Dartmouth College,8,137.0,138.0,Hanover,Grafton,New Hampshire,09-24-2020
576,Franklin Pierce University,9,140.0,143.0,Rindge,Cheshire,New Hampshire,09-24-2020
577,New England College,10,543.0,566.0,Henniker,Merrimack,New Hampshire,09-24-2020
578,Plymouth State University,14,137.0,138.0,Plymouth,Grafton,New Hampshire,09-24-2020
579,Saint Anselm College,2,40731.0,41351.0,Manchester,Hillsborough,New Hampshire,09-24-2020
580,University of New Hampshire,25,513.0,526.0,Durham,Strafford,New Hampshire,09-24-2020
581,Bloomfield College,3,18148.0,19422.0,Bloomfield,Essex,New Jersey,09-24-2020
582,Caldwell University,1,18148.0,19422.0,Caldwell,Essex,New Jersey,09-24-2020
583,Centenary University,1,136.0,141.0,Hackettstown,Warren,New Jersey,09-24-2020
584,Drew University,1,29.0,29.0,Madison,Morris,New Jersey,09-24-2020
585,Fairleigh Dickinson University,5,20260.0,22304.0,Teaneck,Bergen,New Jersey,09-24-2020
586,Fairleigh Dickinson University Florham,2,29.0,29.0,Madison,Morris,New Jersey,09-24-2020
587,Kean University,4,842.0,874.0,Union,Union,New Jersey,09-24-2020
588,Monmouth University,3,10815.0,11682.0,West Long Branch,Monmouth,New Jersey,09-24-2020
589,Montclair State University,10,18148.0,19422.0,Montclair,Essex,New Jersey,09-24-2020
590,New Jersey City University,1,19054.0,20568.0,Jersey City,Hudson,New Jersey,09-24-2020
591,New Jersey Institute of Technology,9,18148.0,19422.0,Newark,Essex,New Jersey,09-24-2020
592,Princeton University,50,128.0,133.0,Princeton,Mercer,New Jersey,09-24-2020
593,Ramapo College of New Jersey,15,20260.0,22304.0,Mahwah,Bergen,New Jersey,09-24-2020
594,Rider University,9,,,Lawrenceville,,New Jersey,09-24-2020
595,Rowan University,67,4201.0,4428.0,Glassboro,Gloucester,New Jersey,09-24-2020
596,Rutgers University,91,1371.0,1564.0,New Brunswick,Middlesex,New Jersey,09-24-2020
597,Saint Peter's University,4,19054.0,20568.0,Jersey City,Hudson,New Jersey,09-24-2020
598,Seton Hall University,10,18148.0,19422.0,South Orange,Essex,New Jersey,09-24-2020
599,Stevens Institute of Technology,10,19054.0,20568.0,Hoboken,Hudson,New Jersey,09-24-2020
600,The College of New Jersey,51,128.0,133.0,Ewing,Mercer,New Jersey,09-24-2020
601,William Paterson University,1,17657.0,18909.0,Wayne,Passaic,New Jersey,09-24-2020
602,New Mexico Highlands University,7,96.0,96.0,Las Vegas,San Miguel,New Mexico,09-24-2020
603,New Mexico State University,52,3173.0,3227.0,Las Cruces,Dona Ana,New Mexico,09-24-2020
604,Santa Fe Community College,1,964.0,970.0,Santa Fe,Santa Fe,New Mexico,09-24-2020
605,University of New Mexico*,39,6153.0,6327.0,Albuquerque,Bernalillo,New Mexico,09-24-2020
606,Western New Mexico University,11,253.0,255.0,Silver City,Grant,New Mexico,09-24-2020
607,Barnard College,1,,,New York City,,New York,09-24-2020
608,CUNY Baruch College,32,,,New York City,,New York,09-24-2020
609,CUNY Borough of Manhattan Community College,16,,,New York City,,New York,09-24-2020
610,CUNY Bronx Community College,11,,,New York City,,New York,09-24-2020
611,CUNY Brooklyn College,23,,,New York City,,New York,09-24-2020
612,CUNY City College of New York,22,,,New York City,,New York,09-24-2020
613,CUNY College of Staten Island,1,,,New York City,,New York,09-24-2020
614,CUNY Guttman Community College,1,,,New York City,,New York,09-24-2020
615,CUNY Hostos Community College,1,,,New York City,,New York,09-24-2020
616,CUNY Hunter College,51,,,New York City,,New York,09-24-2020
617,CUNY John Jay College of Criminal Justice,6,,,New York City,,New York,09-24-2020
618,CUNY Kingsborough Community College,6,,,New York City,,New York,09-24-2020
619,CUNY LaGuardia Community College,36,,,New York City,,New York,09-24-2020
620,CUNY Lehman College,8,,,New York City,,New York,09-24-2020
621,CUNY Medgar Evers College,1,,,New York City,,New York,09-24-2020
622,CUNY New York City College of Technology,8,,,New York City,,New York,09-24-2020
623,CUNY Queens College,18,,,New York City,,New York,09-24-2020
624,CUNY Queensborough Community College,3,,,New York City,,New York,09-24-2020
625,CUNY York College,35,,,New York City,,New York,09-24-2020
626,Cazenovia College,2,0.0,7754.0,Cazenovia,Madison,New York,09-24-2020
627,Clarkson University,9,,,Potsdam,Saint Lawrence,New York,09-24-2020
628,Colgate University,35,0.0,7754.0,Hamilton,Madison,New York,09-24-2020
629,Columbia University,13,,,New York City,,New York,09-24-2020
630,Concordia College New York,6,36494.0,37948.0,Bronxville,Westchester,New York,09-24-2020
631,Cornell University,92,406.0,406.0,Ithaca,Tompkins,New York,09-24-2020
632,Elmira College,2,384.0,387.0,Elmira,Chemung,New York,09-24-2020
633,Erie Community College,8,10512.0,11201.0,Buffalo,Erie,New York,09-24-2020
634,Farmingdale State College,8,2020.0,2062.0,Farmingdale,Nassau,New York,09-24-2020
635,Finger Lakes Community College,2,432.0,467.0,Canandaigua,Ontario,New York,09-24-2020
636,Fordham University,4,,,New York City,,New York,09-24-2020
637,Fulton-Montgomery Community College,1,136.0,139.0,Johnstown,Fulton,New York,09-24-2020
638,Genesee Community College,1,4143.0,4451.0,Batavia,Genesee,New York,09-24-2020
639,Hartwick College,5,163.0,174.0,Oneonta,Otsego,New York,09-24-2020
640,Herkimer County Community College,2,319.0,329.0,Herkimer,Herkimer,New York,09-24-2020
641,Hobart William Smith Colleges,5,432.0,467.0,Geneva,Ontario,New York,09-24-2020
642,Hofstra University,34,2020.0,2062.0,Hempstead,Nassau,New York,09-24-2020
643,Houghton College,1,437.0,459.0,Houghton,Allegany,New York,09-24-2020
644,Iona College,8,36494.0,37948.0,New Rochelle,Westchester,New York,09-24-2020
645,Ithaca College,5,406.0,406.0,Ithaca,Tompkins,New York,09-24-2020
646,Le Moyne College,27,4095.0,4300.0,Syracuse,Onondaga,New York,09-24-2020
647,Long Island University,1,,,Brookville,,New York,09-24-2020
648,Manhattan College,23,,,New York City,,New York,09-24-2020
649,Marist College,2,4952.0,5105.0,Poughkeepsie,Dutchess,New York,09-24-2020
650,Mercy College,12,36494.0,37948.0,Dobbs Ferry,Westchester,New York,09-24-2020
651,Mohawk Valley Community College,1,24.0,24.0,Utica,Oneida,New York,09-24-2020
652,Monroe Community College,8,0.0,581.0,Rochester,Monroe,New York,09-24-2020
653,Nassau Community College,4,2020.0,2062.0,Garden City,Nassau,New York,09-24-2020
654,Nazareth College,8,0.0,581.0,Rochester,Monroe,New York,09-24-2020
655,New York University,14,,,New York City,,New York,09-24-2020
656,Pace University,8,30063.0,33237.0,New York,New York,New York,09-24-2020
657,Pratt Institute,2,,,New York City,,New York,09-24-2020
658,Rensselaer Polytechnic Institute,3,2919.0,3053.0,Troy,Albany,New York,09-24-2020
659,Roberts Wesleyan College,4,0.0,581.0,Rochester,Monroe,New York,09-24-2020
660,Rochester Institute of Technology,12,0.0,581.0,Rochester,Monroe,New York,09-24-2020
661,Russell Sage College,1,2919.0,3053.0,Troy,Albany,New York,09-24-2020
662,SUNY Albany,12,2919.0,3053.0,Albany,Albany,New York,09-24-2020
663,SUNY Alfred State College of Technology,4,437.0,459.0,Alfred,Allegany,New York,09-24-2020
664,SUNY Binghamton,31,1427.0,1496.0,Vestal,Broome,New York,09-24-2020
665,SUNY Brockport,2,0.0,581.0,Brockport,Monroe,New York,09-24-2020
666,SUNY Broome Community College,4,1427.0,1496.0,Binghamton,Broome,New York,09-24-2020
667,SUNY Buffalo State,21,10512.0,11201.0,Buffalo,Erie,New York,09-24-2020
668,SUNY Canton,2,,,Canton,Saint Lawrence,New York,09-24-2020
669,SUNY Cobleskill,3,83.0,83.0,Cobleskill,Schoharie,New York,09-24-2020
670,SUNY College at Potsdam,11,,,Potsdam,Saint Lawrence,New York,09-24-2020
671,SUNY College of Environmental Science and Forestry,2,4095.0,4300.0,Syracuse,Onondaga,New York,09-24-2020
672,SUNY College of Optometry,1,,,New York City,,New York,09-24-2020
673,SUNY Cortland,4,167.0,167.0,Cortland,Cortland,New York,09-24-2020
674,SUNY Delhi,2,1857.0,1918.0,Delhi,Delaware,New York,09-24-2020
675,SUNY Downstate Health Sciences University*,13,,,New York City,,New York,09-24-2020
676,SUNY Geneseo,5,349.0,355.0,Geneseo,Livingston,New York,09-24-2020
677,SUNY Maritime College,7,,,New York City,,New York,09-24-2020
678,SUNY New Paltz,40,2159.0,2254.0,New Paltz,Ulster,New York,09-24-2020
679,SUNY Oneonta,597,163.0,174.0,Oneonta,Otsego,New York,09-24-2020
680,SUNY Oswego,21,467.0,470.0,Oswego,Oswego,New York,09-24-2020
681,SUNY Plattsburgh,4,1081.0,1101.0,Plattsburgh,Clinton,New York,09-24-2020
682,SUNY Polytechnic Institute,3,24.0,24.0,Utica,Oneida,New York,09-24-2020
683,SUNY Purchase College,12,36494.0,37948.0,Purchase,Westchester,New York,09-24-2020
684,SUNY University at Buffalo,43,10512.0,11201.0,Buffalo,Erie,New York,09-24-2020
685,SUNY at Fredonia,72,13.0,13.0,Fredonia,Chautauqua,New York,09-24-2020
686,Schenectady County Community College,2,1347.0,1395.0,Schenectady,Schenectady,New York,09-24-2020
687,Siena College,2,,,Loudonville,,New York,09-24-2020
688,Skidmore College,2,1000.0,1017.0,Saratoga Springs,Saratoga,New York,09-24-2020
689,St. Bonaventure University,2,,,St. Bonaventure,,New York,09-24-2020
690,St. Francis College,2,,,New York City,,New York,09-24-2020
691,St. John Fisher College,1,,,Rocheser,,New York,09-24-2020
692,St. John's University,9,,,New York City,,New York,09-24-2020
693,St. Joseph's College Long Island,1,22856.0,23988.0,Patchogue,Suffolk,New York,09-24-2020
694,St. Lawrence University,2,,,Canton,Saint Lawrence,New York,09-24-2020
695,St. Thomas Aquinas College,4,14323.0,14998.0,Sparkill,Rockland,New York,09-24-2020
696,Stony Brook University*,24,22856.0,23988.0,Stony Brook,Suffolk,New York,09-24-2020
697,Syracuse University,41,4095.0,4300.0,Syracuse,Onondaga,New York,09-24-2020
698,The College of Saint Rose,1,2919.0,3053.0,Albany,Albany,New York,09-24-2020
699,"The Graduate Center, CUNY",1,,,New York City,,New York,09-24-2020
700,The New School,2,,,New York City,,New York,09-24-2020
701,Tompkins Cortland Community College,6,406.0,406.0,Dryden,Tompkins,New York,09-24-2020
702,Ulster County Community College,1,2159.0,2254.0,Stone Ridge,Ulster,New York,09-24-2020
703,United States Merchant Marine Academy,3,,,Kings Point,,New York,09-24-2020
704,United States Military Academy West Point,109,51440.0,52622.0,West Point,Orange,New York,09-24-2020
705,University of Rochester,14,0.0,581.0,Rochester,Monroe,New York,09-24-2020
706,Upstate Medical University*,45,4095.0,4300.0,Syracuse,Onondaga,New York,09-24-2020
707,Utica College,4,24.0,24.0,Utica,Oneida,New York,09-24-2020
708,Vassar College,24,4952.0,5105.0,Poughkeepsie,Dutchess,New York,09-24-2020
709,Wagner College,3,,,New York City,,New York,09-24-2020
710,Yeshiva University,2,,,New York City,,New York,09-24-2020
711,Appalachian State University,308,621.0,622.0,Boone,Watauga,North Carolina,09-24-2020
712,Belmont Abbey College,62,4913.0,4990.0,Belmont,Gaston,North Carolina,09-24-2020
713,Brevard College,1,317.0,324.0,Brevard,Transylvania,North Carolina,09-24-2020
714,Campbell University,14,,,Bules Creek,,North Carolina,09-24-2020
715,Carolinas College of Health Sciences*,2,27539.0,27884.0,Charlotte,Mecklenburg,North Carolina,09-24-2020
716,Catawba College,3,213.0,214.0,Salisbury,Rowan,North Carolina,09-24-2020
717,Davidson College,17,27539.0,27884.0,Davidson,Mecklenburg,North Carolina,09-24-2020
718,Duke University,78,7544.0,7636.0,Durham,Durham,North Carolina,09-24-2020
719,Durham Technical Community College,3,7544.0,7636.0,Durham,Durham,North Carolina,09-24-2020
720,East Carolina University,"1,205",4668.0,4695.0,Greenville,Pitt,North Carolina,09-24-2020
721,Elizabeth City State University,13,662.0,692.0,Elizabeth City,Pasquotank,North Carolina,09-24-2020
722,Elon University,35,3783.0,3837.0,Elon,Alamance,North Carolina,09-24-2020
723,Fayetteville State University,74,200.0,204.0,Fayetteville,Cumberland,North Carolina,09-24-2020
724,Gardner-Webb University,50,169.0,179.0,Boiling Springs,Cleveland,North Carolina,09-24-2020
725,Greensboro College,8,326.0,329.0,Greensboro,Caswell,North Carolina,09-24-2020
726,Guilford College,10,326.0,329.0,Greensboro,Caswell,North Carolina,09-24-2020
727,High Point University,153,8152.0,8331.0,High Point,Guilford,North Carolina,09-24-2020
728,Johnson C Smith University,1,27539.0,27884.0,Charlotte,Mecklenburg,North Carolina,09-24-2020
729,Lees-McRae College,1,331.0,331.0,Banner Elk,Avery,North Carolina,09-24-2020
730,Lenoir-Rhyne University,9,2980.0,3032.0,Hickory,Catawba,North Carolina,09-24-2020
731,Meredith College,35,16919.0,17158.0,Raleigh,Wake,North Carolina,09-24-2020
732,Methodist University,15,200.0,204.0,Fayetteville,Cumberland,North Carolina,09-24-2020
733,North Carolina A&T State University,44,326.0,329.0,Greensboro,Caswell,North Carolina,09-24-2020
734,North Carolina Central University,40,7544.0,7636.0,Durham,Durham,North Carolina,09-24-2020
735,North Carolina State University,996,16919.0,17158.0,Raleigh,Wake,North Carolina,09-24-2020
736,North Carolina Wesleyan College,7,1268.0,1313.0,Rocky Mount,Edgecombe,North Carolina,09-24-2020
737,Pfeiffer University,2,1808.0,1864.0,Misenheimer,Stanly,North Carolina,09-24-2020
738,Shaw University,3,16919.0,17158.0,Raleigh,Wake,North Carolina,09-24-2020
739,University of Mount Olive,1,1082.0,1110.0,Mount Olive,Wayne,North Carolina,09-24-2020
740,University of North Carolina Asheville,12,2872.0,2954.0,Asheville,Buncombe,North Carolina,09-24-2020
741,University of North Carolina School of the Arts,4,3823.0,3868.0,Winston Salem,Forsyth,North Carolina,09-24-2020
742,University of North Carolina Wilmington,255,3937.0,3966.0,Wilmington,New Hanover,North Carolina,09-24-2020
743,University of North Carolina at Chapel Hill,"1,152",51440.0,52622.0,Chapel Hill,Orange,North Carolina,09-24-2020
744,University of North Carolina at Charlotte,56,27539.0,27884.0,Charlotte,Mecklenburg,North Carolina,09-24-2020
745,University of North Carolina at Greensboro,63,326.0,329.0,Greensboro,Caswell,North Carolina,09-24-2020
746,University of North Carolina at Pembroke,221,4242.0,4314.0,Pembroke,Robeson,North Carolina,09-24-2020
747,Wake Forest University,56,,,Winston-Salem,,North Carolina,09-24-2020
748,Wake Technical Community College,14,16919.0,17158.0,Raleigh,Wake,North Carolina,09-24-2020
749,Western Carolina University,119,0.0,1546.0,Cullowhee,Jackson,North Carolina,09-24-2020
750,William Peace University,4,16919.0,17158.0,Raleigh,Wake,North Carolina,09-24-2020
751,Wingate University,5,842.0,874.0,Wingate,Union,North Carolina,09-24-2020
752,Winston-Salem State University,28,,,Winston-Salem,,North Carolina,09-24-2020
753,Bismarck State College,55,3359.0,3399.0,Bismarck,Burleigh,North Dakota,09-24-2020
754,Dakota College at Bottineau,1,63.0,64.0,Bottineau,Bottineau,North Dakota,09-24-2020
755,Dickinson State University,47,52.0,54.0,Dickinson,Stark,North Dakota,09-24-2020
756,Mayville State University,4,112.0,112.0,Mayville,Traill,North Dakota,09-24-2020
757,Minot State University,6,973.0,979.0,Minot,Ward,North Dakota,09-24-2020
758,North Dakota State College of Science,6,172.0,176.0,Wahpeton,Richland,North Dakota,09-24-2020
759,North Dakota State University,162,382.0,393.0,Fargo,Cass,North Dakota,09-24-2020
760,University of North Dakota,629,2135.0,2148.0,Grand Forks,Grand Forks,North Dakota,09-24-2020
761,Valley City State University,27,226.0,226.0,Valley City,Barnes,North Dakota,09-24-2020
762,Williston State College,27,910.0,917.0,Williston,Williams,North Dakota,09-24-2020
763,Baldwin Wallace University,24,16671.0,17327.0,Berea,Cuyahoga,Ohio,09-24-2020
764,Bowling Green State University,43,1732.0,1804.0,Bowling Green,Wood,Ohio,09-24-2020
765,Bowling Green State University Firelands,1,10512.0,11201.0,Huron,Erie,Ohio,09-24-2020
766,Case Western Reserve University,25,16671.0,17327.0,Cleveland,Cuyahoga,Ohio,09-24-2020
767,Cedarville University,3,0.0,303.0,Cedarville,Greene,Ohio,09-24-2020
768,Cleveland State University,1,16671.0,17327.0,Cleveland,Cuyahoga,Ohio,09-24-2020
769,Columbus College of Art and Design,1,1857.0,1918.0,Columbus,Delaware,Ohio,09-24-2020
770,Denison University,5,1835.0,1898.0,Granville,Licking,Ohio,09-24-2020
771,Franciscan University of Steubenville,7,0.0,19441.0,Steubenville,Jefferson,Ohio,09-24-2020
772,Heidelberg University,7,102.0,105.0,Tiffin,Seneca,Ohio,09-24-2020
773,Hiram College,9,1050.0,1116.0,Hiram,Portage,Ohio,09-24-2020
774,Kent State University,57,1050.0,1116.0,Kent,Portage,Ohio,09-24-2020
775,Lake Erie College,3,519.0,530.0,Painesville,Lake,Ohio,09-24-2020
776,Marietta College,2,0.0,556.0,Marietta,Washington,Ohio,09-24-2020
777,Miami University Oxford,836,0.0,913.0,Oxford,Butler,Ohio,09-24-2020
778,Mount Saint Joseph University,1,1656.0,1679.0,Cincinnati,Clermont,Ohio,09-24-2020
779,Northeast Ohio Medical University*,9,1050.0,1116.0,Rootstown,Portage,Ohio,09-24-2020
780,Oberlin College,6,2209.0,2295.0,Oberlin,Lorain,Ohio,09-24-2020
781,Ohio Dominican University,26,1857.0,1918.0,Columbus,Delaware,Ohio,09-24-2020
782,Ohio Northern University,14,37.0,37.0,Ada,Hardin,Ohio,09-24-2020
783,Ohio State University,"1,528",1857.0,1918.0,Columbus,Delaware,Ohio,09-24-2020
784,Ohio University,27,651.0,653.0,Athens,Athens,Ohio,09-24-2020
785,Ohio Wesleyan University,30,1857.0,1918.0,Delaware,Delaware,Ohio,09-24-2020
786,Otterbein University,9,1857.0,1918.0,Westerville,Delaware,Ohio,09-24-2020
787,Shawnee State University,8,483.0,489.0,Portsmouth,Scioto,Ohio,09-24-2020
788,Sinclair Community College,10,0.0,303.0,Dayton,Greene,Ohio,09-24-2020
789,The College of Wooster,7,1082.0,1110.0,Wooster,Wayne,Ohio,09-24-2020
790,Tiffin University,2,102.0,105.0,Tiffin,Seneca,Ohio,09-24-2020
791,University of Akron,9,443.0,447.0,Akron,Summit,Ohio,09-24-2020
792,University of Cincinnati,157,1656.0,1679.0,Cincinnati,Clermont,Ohio,09-24-2020
793,University of Dayton,"1,141",0.0,303.0,Dayton,Greene,Ohio,09-24-2020
794,University of Mount Union,8,52.0,54.0,Alliance,Stark,Ohio,09-24-2020
795,University of Toledo,219,147.0,153.0,Toledo,Lucas,Ohio,09-24-2020
796,Ursuline College,3,,,Pepper Pike,,Ohio,09-24-2020
797,Walsh University,17,52.0,54.0,North Canton,Stark,Ohio,09-24-2020
798,Wilmington College,3,1081.0,1101.0,Wilmington,Clinton,Ohio,09-24-2020
799,Wittenberg University,39,325.0,329.0,Springfield,Clark,Ohio,09-24-2020
800,Wright State University,9,0.0,303.0,Dayton,Greene,Ohio,09-24-2020
801,Xavier University,41,1656.0,1679.0,Cincinnati,Clermont,Ohio,09-24-2020
802,Youngstown State University,10,2749.0,3030.0,Youngstown,Mahoning,Ohio,09-24-2020
803,Cameron University,17,11.0,11.0,Lawton,Comanche,Oklahoma,09-24-2020
804,East Central University,3,1243.0,1259.0,Ada,Pontotoc,Oklahoma,09-24-2020
805,Northern Oklahoma College,25,544.0,557.0,Tonkawa,Kay,Oklahoma,09-24-2020
806,Northwestern Oklahoma State University,16,103.0,103.0,Alva,Woods,Oklahoma,09-24-2020
807,Oklahoma Christian University,53,17131.0,17319.0,Edmond,Oklahoma,Oklahoma,09-24-2020
808,Oklahoma City University,4,169.0,179.0,Oklahoma City,Cleveland,Oklahoma,09-24-2020
809,Oklahoma State University,727,2143.0,2149.0,Stillwater,Payne,Oklahoma,09-24-2020
810,Oklahoma State University Institute of Technology,18,809.0,816.0,Okmulgee,Okmulgee,Oklahoma,09-24-2020
811,Oklahoma State University-Oklahoma City,1,169.0,179.0,Oklahoma City,Cleveland,Oklahoma,09-24-2020
812,Oral Roberts University,1,1076.0,1109.0,Tulsa,Creek,Oklahoma,09-24-2020
813,Southeastern Oklahoma State University,42,1126.0,1137.0,Durant,Bryan,Oklahoma,09-24-2020
814,Southwestern Oklahoma State University,51,17.0,17.0,Weatherford,Custer,Oklahoma,09-24-2020
815,University of Central Oklahoma,76,17131.0,17319.0,Edmond,Oklahoma,Oklahoma,09-24-2020
816,University of Oklahoma,326,169.0,179.0,Norman,Cleveland,Oklahoma,09-24-2020
817,University of Science and Arts of Oklahoma,1,743.0,765.0,Chickasha,Grady,Oklahoma,09-24-2020
818,University of Tulsa,13,1076.0,1109.0,Tulsa,Creek,Oklahoma,09-24-2020
819,Eastern Oregon University,3,842.0,874.0,La Grande,Union,Oregon,09-24-2020
820,Lane Community College,1,13.0,13.0,Eugene,Lane,Oregon,09-24-2020
821,Lewis & Clark College,3,2285.0,2346.0,Portland,Clackamas,Oregon,09-24-2020
822,Linfield University,1,,,McMinnville,,Oregon,09-24-2020
823,Oregon Health & Science University*,112,2285.0,2346.0,Portland,Clackamas,Oregon,09-24-2020
824,Oregon Institute of Technology,6,277.0,279.0,Klamath Falls,Klamath,Oregon,09-24-2020
825,Oregon State University,3,6374.0,6458.0,Corvallis,Benton,Oregon,09-24-2020
826,Pacific University,1,0.0,556.0,Forest Grove,Washington,Oregon,09-24-2020
827,Portland State University,2,2285.0,2346.0,Portland,Clackamas,Oregon,09-24-2020
828,Reed College,8,2285.0,2346.0,Portland,Clackamas,Oregon,09-24-2020
829,Southern Oregon University,2,0.0,1546.0,Ashland,Jackson,Oregon,09-24-2020
830,University of Oregon,54,13.0,13.0,Eugene,Lane,Oregon,09-24-2020
831,Western Oregon University,1,,,Mounmouth,,Oregon,09-24-2020
832,Willamette University,4,0.0,957.0,Salem,Marion,Oregon,09-24-2020
833,Albright College,1,6570.0,6963.0,Reading,Berks,Pennsylvania,09-24-2020
834,Allegheny College,24,1301.0,1316.0,Meadville,Crawford,Pennsylvania,09-24-2020
835,Bloomsburg University of Pennsylvania,267,394.0,412.0,Bloomsburg,Columbia,Pennsylvania,09-24-2020
836,Bryn Mawr College,1,1857.0,1918.0,Bryn Mawr,Delaware,Pennsylvania,09-24-2020
837,Bucknell University,13,842.0,874.0,Lewisburg,Union,Pennsylvania,09-24-2020
838,California University of Pennsylvania,4,0.0,556.0,California,Washington,Pennsylvania,09-24-2020
839,Carnegie Mellon University,9,11573.0,11927.0,Pittsburgh,Allegheny,Pennsylvania,09-24-2020
840,Clarion University of Pennsylvania,1,114.0,117.0,Clarion,Clarion,Pennsylvania,09-24-2020
841,Drexel University,8,1857.0,1918.0,Philadelphia,Delaware,Pennsylvania,09-24-2020
842,Duquesne University,6,11573.0,11927.0,Pittsburgh,Allegheny,Pennsylvania,09-24-2020
843,East Stroudsburg University,3,0.0,581.0,East Stroudsburg,Monroe,Pennsylvania,09-24-2020
844,Edinboro University,1,10512.0,11201.0,Edinboro,Erie,Pennsylvania,09-24-2020
845,Elizabethtown College,7,5986.0,6010.0,Elizabethtown,Lancaster,Pennsylvania,09-24-2020
846,Franklin and Marshall College,5,5986.0,6010.0,Lancaster,Lancaster,Pennsylvania,09-24-2020
847,Gannon University,16,10512.0,11201.0,Erie,Erie,Pennsylvania,09-24-2020
848,Geneva College,6,51.0,51.0,Beaver Falls,Beaver,Pennsylvania,09-24-2020
849,Gettysburg College,35,8549.0,8773.0,Gettysburg,Adams,Pennsylvania,09-24-2020
850,Haverford College,2,0.0,8778.0,Haverford,Montgomery,Pennsylvania,09-24-2020
851,Holy Family University,1,1857.0,1918.0,Philadelphia,Delaware,Pennsylvania,09-24-2020
852,Immaculata University,1,6375.0,6741.0,Immaculata,Chester,Pennsylvania,09-24-2020
853,Indiana University of Pennsylvania,4,672.0,684.0,Indiana,Indiana,Pennsylvania,09-24-2020
854,Juniata College,7,,,Huntingdom,,Pennsylvania,09-24-2020
855,Keystone College,3,2207.0,2424.0,La Plume,Lackawanna,Pennsylvania,09-24-2020
856,King's College,6,,,Wilkes-Barre,,Pennsylvania,09-24-2020
857,Kutztown University,123,6570.0,6963.0,Kutztown,Berks,Pennsylvania,09-24-2020
858,La Salle University,5,1857.0,1918.0,Philadelphia,Delaware,Pennsylvania,09-24-2020
859,Lafayette College,6,397.0,414.0,Easton,Northampton,Pennsylvania,09-24-2020
860,Lancaster Bible College,1,5986.0,6010.0,Lancaster,Lancaster,Pennsylvania,09-24-2020
861,Lock Haven University,2,1081.0,1101.0,Lock Haven,Clinton,Pennsylvania,09-24-2020
862,Lycoming College,2,626.0,651.0,Williamsport,Lycoming,Pennsylvania,09-24-2020
863,Mansfield University of Pennsylvania,3,204.0,229.0,Mansfield,Tioga,Pennsylvania,09-24-2020
864,Marywood University,1,2207.0,2424.0,Scranton,Lackawanna,Pennsylvania,09-24-2020
865,Messiah University,7,200.0,204.0,Mechanicsburg,Cumberland,Pennsylvania,09-24-2020
866,Millersville University of Pennsylvania,15,5986.0,6010.0,Millersville,Lancaster,Pennsylvania,09-24-2020
867,Misericordia University,2,3871.0,4060.0,Dallas,Luzerne,Pennsylvania,09-24-2020
868,Moravian College,1,5198.0,5551.0,Bethlehem,Lehigh,Pennsylvania,09-24-2020
869,Mount Aloysius College,2,553.0,560.0,Cresson,Cambria,Pennsylvania,09-24-2020
870,Muhlenberg College,1,5198.0,5551.0,Allentown,Lehigh,Pennsylvania,09-24-2020
871,Penn State University,322,2191.0,2202.0,State College,Centre,Pennsylvania,09-24-2020
872,Penn State University Abington,1,0.0,8778.0,Abington,Montgomery,Pennsylvania,09-24-2020
873,Penn State University Behrend,1,10512.0,11201.0,Erie,Erie,Pennsylvania,09-24-2020
874,Penn State University College of Medicine,6,3574.0,3754.0,Hershey,Dauphin,Pennsylvania,09-24-2020
875,Penn State University Harrisburg,1,3574.0,3754.0,Middletown,Dauphin,Pennsylvania,09-24-2020
876,Pennsylvania College of Technology,11,626.0,651.0,Williamsport,Lycoming,Pennsylvania,09-24-2020
877,Robert Morris University,6,,,Moon Township,,Pennsylvania,09-24-2020
878,Saint Francis University,2,553.0,560.0,Loretto,Cambria,Pennsylvania,09-24-2020
879,Saint Joseph's University,32,1857.0,1918.0,Philadelphia,Delaware,Pennsylvania,09-24-2020
880,Shippensburg University of Pennsylvania,13,200.0,204.0,Shippensburg,Cumberland,Pennsylvania,09-24-2020
881,Slippery Rock University of Pennsylvania,45,0.0,913.0,Slippery Rock,Butler,Pennsylvania,09-24-2020
882,Swarthmore College,2,1857.0,1918.0,Swarthmore,Delaware,Pennsylvania,09-24-2020
883,Temple University,364,1857.0,1918.0,Philadelphia,Delaware,Pennsylvania,09-24-2020
884,Thiel College,1,128.0,133.0,Greenville,Mercer,Pennsylvania,09-24-2020
885,University of Pennsylvania,270,1857.0,1918.0,Philadelphia,Delaware,Pennsylvania,09-24-2020
886,University of Pittsburgh,195,11573.0,11927.0,Pittsburgh,Allegheny,Pennsylvania,09-24-2020
887,University of Scranton,40,2207.0,2424.0,Scranton,Lackawanna,Pennsylvania,09-24-2020
888,Ursinus College,4,0.0,8778.0,Collegeville,Montgomery,Pennsylvania,09-24-2020
889,Villanova University,49,1857.0,1918.0,Villanova,Delaware,Pennsylvania,09-24-2020
890,West Chester University,35,6375.0,6741.0,West Chester,Chester,Pennsylvania,09-24-2020
891,Westminster College,3,0.0,609.0,New Wilmington,Lawrence,Pennsylvania,09-24-2020
892,Wilkes University,6,,,Wilkes-Barre,,Pennsylvania,09-24-2020
893,York College of Pennsylvania,5,1118.0,1133.0,York,York,Pennsylvania,09-24-2020
894,University of Puerto Rico at Cayey,1,336.0,336.0,Cayey,Cayey,Puerto Rico,09-24-2020
895,Brown University,10,18437.0,18437.0,Providence,Providence,Rhode Island,09-24-2020
896,Bryant University,10,18437.0,18437.0,Smithfield,Providence,Rhode Island,09-24-2020
897,Providence College,8,18437.0,18437.0,Providence,Providence,Rhode Island,09-24-2020
898,Rhode Island College,2,18437.0,18437.0,Providence,Providence,Rhode Island,09-24-2020
899,Rhode Island School of Design,2,18437.0,18437.0,Providence,Providence,Rhode Island,09-24-2020
900,Roger Williams University,9,9203.0,9895.0,Bristol,Bristol,Rhode Island,09-24-2020
901,Salve Regina University,1,518.0,518.0,Newport,Newport,Rhode Island,09-24-2020
902,University of Rhode Island,20,0.0,556.0,Kingston,Washington,Rhode Island,09-24-2020
903,Anderson University,8,69.0,69.0,Anderson,Anderson,South Carolina,09-24-2020
904,Charleston Southern University,23,5319.0,5407.0,North Charleston,Berkeley,South Carolina,09-24-2020
905,Claflin University,1,2949.0,3072.0,Orangeburg,Orangeburg,South Carolina,09-24-2020
906,Clemson University,782,0.0,651.0,Clemson,Pickens,South Carolina,09-24-2020
907,Coastal Carolina University,122,10031.0,10227.0,Conway,Horry,South Carolina,09-24-2020
908,Coker University,3,1968.0,2020.0,Hartsville,Darlington,South Carolina,09-24-2020
909,College of Charleston,79,5319.0,5407.0,Charleston,Berkeley,South Carolina,09-24-2020
910,Furman University,48,13777.0,14076.0,Greenville,Greenville,South Carolina,09-24-2020
911,Greenville Technical College,99,13777.0,14076.0,Greenville,Greenville,South Carolina,09-24-2020
912,Limestone College,1,0.0,591.0,Gaffney,Cherokee,South Carolina,09-24-2020
913,Medical University of South Carolina*,1,5319.0,5407.0,Charleston,Berkeley,South Carolina,09-24-2020
914,North Greenville University,4,13777.0,14076.0,Tigerville,Greenville,South Carolina,09-24-2020
915,Presbyterian College,20,1555.0,1621.0,Clinton,Laurens,South Carolina,09-24-2020
916,Southern Wesleyan University,6,0.0,651.0,Central,Pickens,South Carolina,09-24-2020
917,The Citadel,108,5319.0,5407.0,Charleston,Berkeley,South Carolina,09-24-2020
918,University of South Carolina,"1,904",6855.0,7012.0,Columbia,Lexington,South Carolina,09-24-2020
919,University of South Carolina Aiken,25,3973.0,4053.0,Aiken,Aiken,South Carolina,09-24-2020
920,University of South Carolina Beaufort,12,,,Blufton,,South Carolina,09-24-2020
921,University of South Carolina Upstate,22,6424.0,6618.0,Spartanburg,Spartanburg,South Carolina,09-24-2020
922,Winthrop University,20,1118.0,1133.0,Rock Hill,York,South Carolina,09-24-2020
923,Wofford College,18,6424.0,6618.0,Spartanburg,Spartanburg,South Carolina,09-24-2020
924,Augustana University,41,1933.0,1948.0,Sioux Falls,Lincoln,South Dakota,09-24-2020
925,Black Hills State University,12,0.0,609.0,Spearfish,Lawrence,South Dakota,09-24-2020
926,Dakota State University,7,519.0,530.0,Madison,Lake,South Dakota,09-24-2020
927,Mount Marty College,21,378.0,382.0,Yankton,Yankton,South Dakota,09-24-2020
928,Northern State University,45,45.0,45.0,Aberdeen,Brown,South Dakota,09-24-2020
929,South Dakota School of Mines and Technology,16,115.0,116.0,Rapid City,Pennington,South Dakota,09-24-2020
930,South Dakota State University,91,717.0,719.0,Brookings,Brookings,South Dakota,09-24-2020
931,University of South Dakota,242,0.0,570.0,Vermillion,Clay,South Dakota,09-24-2020
932,Austin Peay State University,86,0.0,8778.0,Clarksville,Montgomery,Tennessee,09-24-2020
933,Bethel University,58,,,McKenzie,,Tennessee,09-24-2020
934,Chattanooga State Community College,31,833.0,841.0,Chattanooga,Hamilton,Tennessee,09-24-2020
935,Christian Brothers University,12,0.0,5849.0,Memphis,Shelby,Tennessee,09-24-2020
936,Cleveland State Community College,14,332.0,340.0,Cleveland,Bradley,Tennessee,09-24-2020
937,Columbia State Community College,26,2286.0,2309.0,Columbia,Maury,Tennessee,09-24-2020
938,Dyersburg State Community College,16,1305.0,1318.0,Dyersburg,Dyer,Tennessee,09-24-2020
939,East Tennessee State University,150,0.0,556.0,Johnson City,Washington,Tennessee,09-24-2020
940,Jackson State Community College,24,0.0,7754.0,Jackson,Madison,Tennessee,09-24-2020
941,Lincoln Memorial University,49,485.0,507.0,Harrogate,Claiborne,Tennessee,09-24-2020
942,Lipscomb University,78,2649.0,2683.0,Nashville,Davidson,Tennessee,09-24-2020
943,Middle Tennessee State University,153,1108.0,1140.0,Murfreesboro,Rutherford,Tennessee,09-24-2020
944,Milligan University,11,169.0,172.0,Milligan College,Carter,Tennessee,09-24-2020
945,Motlow State Community College,22,0.0,1307.0,Tullahoma,Coffee,Tennessee,09-24-2020
946,Nashville State Community College,26,2649.0,2683.0,Nashville,Davidson,Tennessee,09-24-2020
947,Northeast State Community College,22,321.0,333.0,Blountville,Sullivan,Tennessee,09-24-2020
948,Pellissippi State Community College,14,628.0,631.0,Knoxville,Knox,Tennessee,09-24-2020
949,Rhodes College,1,0.0,5849.0,Memphis,Shelby,Tennessee,09-24-2020
950,Roane State Community College,26,868.0,872.0,Harriman,Roane,Tennessee,09-24-2020
951,Southwest Tennessee Community College,8,0.0,5849.0,Memphis,Shelby,Tennessee,09-24-2020
952,Tennessee College of Applied Technology-Athens,4,,,Athens,Mcminn,Tennessee,09-24-2020
953,Tennessee College of Applied Technology-Covington,4,199.0,221.0,Covington,Tipton,Tennessee,09-24-2020
954,Tennessee College of Applied Technology-Crossville,17,200.0,204.0,Crossville,Cumberland,Tennessee,09-24-2020
955,Tennessee College of Applied Technology-Crump,11,37.0,37.0,Crump,Hardin,Tennessee,09-24-2020
956,Tennessee College of Applied Technology-Dickson,20,1220.0,1235.0,Dickson,Dickson,Tennessee,09-24-2020
957,Tennessee College of Applied Technology-Elizabethton,8,169.0,172.0,Elizabethton,Carter,Tennessee,09-24-2020
958,Tennessee College of Applied Technology-Harriman,3,868.0,872.0,Harriman,Roane,Tennessee,09-24-2020
959,Tennessee College of Applied Technology-Hartsville,4,1644.0,1651.0,Hartsville,Trousdale,Tennessee,09-24-2020
960,Tennessee College of Applied Technology-Jacksboro,4,835.0,851.0,Jacksboro,Campbell,Tennessee,09-24-2020
961,Tennessee College of Applied Technology-Jackson,3,0.0,7754.0,Jackson,Madison,Tennessee,09-24-2020
962,Tennessee College of Applied Technology-Knoxville,5,628.0,631.0,Knoxville,Knox,Tennessee,09-24-2020
963,Tennessee College of Applied Technology-Livingston,12,708.0,713.0,Livingston,Overton,Tennessee,09-24-2020
964,Tennessee College of Applied Technology-McKenzie,3,,,McKenzie,,Tennessee,09-24-2020
965,Tennessee College of Applied Technology-McMinnville,5,,,McMinnville,,Tennessee,09-24-2020
966,Tennessee College of Applied Technology-Memphis,2,0.0,5849.0,Memphis,Shelby,Tennessee,09-24-2020
967,Tennessee College of Applied Technology-Morristown,7,1860.0,1885.0,Morristown,Hamblen,Tennessee,09-24-2020
968,Tennessee College of Applied Technology-Murfreesboro,11,1108.0,1140.0,Murfreesboro,Rutherford,Tennessee,09-24-2020
969,Tennessee College of Applied Technology-Nashville,9,2649.0,2683.0,Nashville,Davidson,Tennessee,09-24-2020
970,Tennessee College of Applied Technology-Newbern,13,1305.0,1318.0,Newbern,Dyer,Tennessee,09-24-2020
971,Tennessee College of Applied Technology-Oneida/Huntsville,2,96.0,97.0,Huntsville,Scott,Tennessee,09-24-2020
972,Tennessee College of Applied Technology-Paris,2,0.0,486.0,Paris,Henry,Tennessee,09-24-2020
973,Tennessee College of Applied Technology-Pulaski,3,563.0,580.0,Pulaski,Giles,Tennessee,09-24-2020
974,Tennessee College of Applied Technology-Ripley,11,0.0,1682.0,Ripley,Lauderdale,Tennessee,09-24-2020
975,Tennessee College of Applied Technology-Shelbyville,2,229.0,235.0,Shelbyville,Bedford,Tennessee,09-24-2020
976,Tennessee College of Applied Technology-Whiteville,12,1522.0,1548.0,Whiteville,Hardeman,Tennessee,09-24-2020
977,Tennessee State University,1,2649.0,2683.0,Nashville,Davidson,Tennessee,09-24-2020
978,Tennessee Technological University,52,2064.0,2102.0,Cookeville,Putnam,Tennessee,09-24-2020
979,The University of the South,21,0.0,1755.0,Sewanee,Franklin,Tennessee,09-24-2020
980,Trevecca Nazarene University,5,2649.0,2683.0,Nashville,Davidson,Tennessee,09-24-2020
981,Tusculum University,5,,,Greenville,,Tennessee,09-24-2020
982,Union University,14,0.0,7754.0,Jackson,Madison,Tennessee,09-24-2020
983,University of Memphis,16,0.0,5849.0,Memphis,Shelby,Tennessee,09-24-2020
984,University of Tennessee Health Science Center*,131,0.0,5849.0,Memphis,Shelby,Tennessee,09-24-2020
985,University of Tennessee at Chattanooga,315,833.0,841.0,Chattanooga,Hamilton,Tennessee,09-24-2020
986,University of Tennessee at Martin,55,1138.0,1157.0,Martin,Weakley,Tennessee,09-24-2020
987,"University of Tennessee, Knoxville",957,628.0,631.0,Knoxville,Knox,Tennessee,09-24-2020
988,Vanderbilt University,149,2649.0,2683.0,Nashville,Davidson,Tennessee,09-24-2020
989,Volunteer State Community College,34,180.0,183.0,Gallatin,Sumner,Tennessee,09-24-2020
990,Walters State Community College,9,1860.0,1885.0,Morristown,Hamblen,Tennessee,09-24-2020
991,Abilene Christian University,39,1298.0,1310.0,Abilene,Taylor,Texas,09-24-2020
992,Angelo State University,48,3575.0,3641.0,San Angelo,Tom Green,Texas,09-24-2020
993,Austin College,31,372.0,385.0,Sherman,Grayson,Texas,09-24-2020
994,Austin Community College District,12,5771.0,5832.0,Austin,Hays,Texas,09-24-2020
995,Baylor University,955,,,Waco,Mclennan,Texas,09-24-2020
996,Brazosport College,1,,,Richwood,,Texas,09-24-2020
997,East Texas Baptist University,1,542.0,566.0,Marshall,Harrison,Texas,09-24-2020
998,Galveston College,4,11365.0,11519.0,Galveston,Galveston,Texas,09-24-2020
999,Grayson College,6,,,Dension,,Texas,09-24-2020
1000,Hardin-Simmons University,3,1298.0,1310.0,Abilene,Taylor,Texas,09-24-2020
1001,Hill College,4,143.0,146.0,Hillsboro,Hill,Texas,09-24-2020
1002,Houston Baptist University,2,15819.0,16102.0,Houston,Fort Bend,Texas,09-24-2020
1003,Lamar University,95,0.0,19441.0,Beaumont,Jefferson,Texas,09-24-2020
1004,Lubbock Christian University,9,10734.0,10855.0,Lubbock,Lubbock,Texas,09-24-2020
1005,McLennan Community College,39,,,Waco,Mclennan,Texas,09-24-2020
1006,McMurry University,3,1298.0,1310.0,Abilene,Taylor,Texas,09-24-2020
1007,Midland College,12,579.0,590.0,Midland,Midland,Texas,09-24-2020
1008,Midwestern State University,22,6.0,6.0,Wichita Falls,Wichita,Texas,09-24-2020
1009,Odessa College,13,4655.0,4752.0,Odessa,Ector,Texas,09-24-2020
1010,Prairie View A&M University,121,828.0,841.0,Prairie View,Waller,Texas,09-24-2020
1011,Rice University,85,15819.0,16102.0,Houston,Fort Bend,Texas,09-24-2020
1012,Saint Edward's University,1,5771.0,5832.0,Austin,Hays,Texas,09-24-2020
1013,Sam Houston State University,259,0.0,2284.0,Huntsville,Walker,Texas,09-24-2020
1014,Schreiner University,2,,,Kerriville,,Texas,09-24-2020
1015,South Texas College,75,,,McAllen,,Texas,09-24-2020
1016,Southern Methodist University,207,13169.0,13310.0,Dallas,Collin,Texas,09-24-2020
1017,Southwestern University,5,1329.0,1371.0,Georgetown,Williamson,Texas,09-24-2020
1018,St. Mary's University,15,52700.0,53971.0,San Antonio,Bexar,Texas,09-24-2020
1019,Stephen F. Austin State University,108,1482.0,1543.0,Nacogdoches,Nacogdoches,Texas,09-24-2020
1020,Sul Ross State University,1,214.0,216.0,Alpine,Brewster,Texas,09-24-2020
1021,Tarleton State University,207,828.0,840.0,Stephenville,Erath,Texas,09-24-2020
1022,Texas A&M International University,52,13185.0,13474.0,Laredo,Webb,Texas,09-24-2020
1023,Texas A&M University,"1,042",6185.0,6249.0,College Station,Brazos,Texas,09-24-2020
1024,Texas A&M University-Central Texas,10,,,Kileen,,Texas,09-24-2020
1025,Texas A&M University-Commerce,101,1563.0,1599.0,Commerce,Hunt,Texas,09-24-2020
1026,Texas A&M University-Corpus Christi,89,20024.0,20434.0,Corpus Christi,Nueces,Texas,09-24-2020
1027,Texas A&M University-Kingsville,66,956.0,997.0,Kingsville,Kleberg,Texas,09-24-2020
1028,Texas A&M University-San Antonio,42,52700.0,53971.0,San Antonio,Bexar,Texas,09-24-2020
1029,Texas A&M University-Texarkana,12,1280.0,1330.0,Texarkana,Bowie,Texas,09-24-2020
1030,Texas Christian University,"1,031",47216.0,47917.0,Fort Worth,Tarrant,Texas,09-24-2020
1031,Texas College,1,6.0,6.0,Tyler,Smith,Texas,09-24-2020
1032,Texas Lutheran University,6,33.0,34.0,Seguin,Guadalupe,Texas,09-24-2020
1033,Texas Southern University,1,15819.0,16102.0,Houston,Fort Bend,Texas,09-24-2020
1034,Texas State University,354,5771.0,5832.0,San Marcos,Hays,Texas,09-24-2020
1035,Texas Tech University,"1,020",10734.0,10855.0,Lubbock,Lubbock,Texas,09-24-2020
1036,Texas Tech University Health Sciences Center*,194,10734.0,10855.0,Lubbock,Lubbock,Texas,09-24-2020
1037,Texas Tech University Health Sciences Center El Paso*,84,6590.0,6760.0,El Paso,El Paso,Texas,09-24-2020
1038,Texas Wesleyan University,19,47216.0,47917.0,Fort Worth,Tarrant,Texas,09-24-2020
1039,Texas Woman’s University,18,11709.0,11861.0,Denton,Denton,Texas,09-24-2020
1040,Trinity University,12,,,San Antonia,,Texas,09-24-2020
1041,Tyler Junior College,49,6.0,6.0,Tyler,Smith,Texas,09-24-2020
1042,University of Dallas,4,0.0,1774.0,Irving,Dallas,Texas,09-24-2020
1043,University of Houston,192,15819.0,16102.0,Houston,Fort Bend,Texas,09-24-2020
1044,University of Houston-Clear Lake,41,15819.0,16102.0,Houston,Fort Bend,Texas,09-24-2020
1045,University of Houston-Downtown,74,15819.0,16102.0,Houston,Fort Bend,Texas,09-24-2020
1046,University of Houston-Victoria,17,3932.0,4027.0,Victoria,Victoria,Texas,09-24-2020
1047,University of Mary Hardin at Baylor,25,469.0,482.0,Belton,Bell,Texas,09-24-2020
1048,University of North Texas,59,11709.0,11861.0,Denton,Denton,Texas,09-24-2020
1049,University of North Texas Health Science Center,2,47216.0,47917.0,Fort Worth,Tarrant,Texas,09-24-2020
1050,University of St. Thomas,2,15819.0,16102.0,Houston,Fort Bend,Texas,09-24-2020
1051,University of Texas Health Science Center at San Antonio*,214,52700.0,53971.0,San Antonio,Bexar,Texas,09-24-2020
1052,University of Texas Health Science Center at Tyler*,25,6.0,6.0,Tyler,Smith,Texas,09-24-2020
1053,University of Texas Permian Basin,21,4655.0,4752.0,Odessa,Ector,Texas,09-24-2020
1054,University of Texas Rio Grande Valley,108,97.0,99.0,Edinburg,Hidalgo,Texas,09-24-2020
1055,University of Texas Southwestern Medical Center*,265,13169.0,13310.0,Dallas,Collin,Texas,09-24-2020
1056,University of Texas at Arlington,32,47216.0,47917.0,Arlington,Tarrant,Texas,09-24-2020
1057,University of Texas at Austin,645,5771.0,5832.0,Austin,Hays,Texas,09-24-2020
1058,University of Texas at Dallas,25,13169.0,13310.0,Dallas,Collin,Texas,09-24-2020
1059,University of Texas at El Paso,103,6590.0,6760.0,El Paso,El Paso,Texas,09-24-2020
1060,University of Texas at San Antonio,8,52700.0,53971.0,San Antonio,Bexar,Texas,09-24-2020
1061,University of the Incarnate Word,4,52700.0,53971.0,San Antonio,Bexar,Texas,09-24-2020
1062,Wayland Baptist University,51,0.0,628.0,Plainview,Hale,Texas,09-24-2020
1063,West Texas A&M University,38,2729.0,2767.0,Canyon,Randall,Texas,09-24-2020
1064,Brigham Young University,349,17000.0,17054.0,Provo,Utah,Utah,09-24-2020
1065,Dixie State University,28,,,St. George,,Utah,09-24-2020
1066,Salt Lake Community College,54,29144.0,29392.0,Salt Lake City,Salt Lake,Utah,09-24-2020
1067,Snow College,6,,,Ephraim,Sanpete,Utah,09-24-2020
1068,Southern Utah University,9,124.0,125.0,Cedar City,Iron,Utah,09-24-2020
1069,University of Utah,284,29144.0,29392.0,Salt Lake City,Salt Lake,Utah,09-24-2020
1070,Utah State University,166,,,Logan,Cache,Utah,09-24-2020
1071,Utah Valley University,120,17000.0,17054.0,Orem,Utah,Utah,09-24-2020
1072,Weber State University,42,,,Ogden,Weber,Utah,09-24-2020
1073,Westminster College,12,29144.0,29392.0,Salt Lake City,Salt Lake,Utah,09-24-2020
1074,Bennington College,3,108.0,109.0,Bennington,Bennington,Vermont,09-24-2020
1075,Castleton University,2,127.0,128.0,Castleton,Rutland,Vermont,09-24-2020
1076,Champlain College,1,793.0,832.0,Burlington,Chittenden,Vermont,09-24-2020
1077,Landmark College,1,933.0,948.0,Putney,Windham,Vermont,09-24-2020
1078,Middlebury College,3,81.0,83.0,Middlebury,Addison,Vermont,09-24-2020
1079,Norwich University,5,0.0,556.0,Northfield,Washington,Vermont,09-24-2020
1080,University of Vermont,17,793.0,832.0,Burlington,Chittenden,Vermont,09-24-2020
1081,Vermont Technical College,2,51440.0,52622.0,Randolph,Orange,Vermont,09-24-2020
1082,University of the Virgin Islands,3,,,Charlotte Amalie,,Virgin Islands,09-24-2020
1083,Averett University,8,,,Danville,Danville City,Virginia,09-24-2020
1084,Bluefield College,30,1657.0,1678.0,Bluefield,Tazewell,Virginia,09-24-2020
1085,Bridgewater College,6,1897.0,2000.0,Bridgewater,Rockingham,Virginia,09-24-2020
1086,Christopher Newport University,4,,,Newport News,Newport News City,Virginia,09-24-2020
1087,Danville Community College,4,,,Danville,Danville City,Virginia,09-24-2020
1088,Eastern Mennonite University,5,,,Harrisonburg,Harrisonburg City,Virginia,09-24-2020
1089,Eastern Virginia Medical School*,31,,,Norfolk,Norfolk City,Virginia,09-24-2020
1090,Ferrum College,12,0.0,1755.0,Ferrum,Franklin,Virginia,09-24-2020
1091,George Mason University,22,19921.0,20504.0,Fairfax,Fairfax,Virginia,09-24-2020
1092,Hampden-Sydney College,16,,,Hampden-Sydney,,Virginia,09-24-2020
1093,Hollins University,1,283.0,293.0,Roanoke,Botetourt,Virginia,09-24-2020
1094,James Madison University,"1,144",,,Harrisonburg,Harrisonburg City,Virginia,09-24-2020
1095,Liberty University,90,,,Lynchburg,Lynchburg City,Virginia,09-24-2020
1096,Longwood University,16,564.0,576.0,Farmville,Prince Edward,Virginia,09-24-2020
1097,Mary Baldwin University,1,,,Staunton,Staunton City,Virginia,09-24-2020
1098,Marymount University,4,3741.0,3889.0,Arlington,Arlington,Virginia,09-24-2020
1099,Norfolk State University,2,,,Norfolk,Norfolk City,Virginia,09-24-2020
1100,Old Dominion University,10,,,Norfolk,Norfolk City,Virginia,09-24-2020
1101,Radford University,357,727.0,728.0,Radford,Radford,Virginia,09-24-2020
1102,Randolph-Macon College,5,1229.0,1265.0,Ashland,Hanover,Virginia,09-24-2020
1103,Roanoke College,48,963.0,1052.0,Salem,Salem,Virginia,09-24-2020
1104,Shenandoah University,17,3844.0,3975.0,Winchester,Frederick,Virginia,09-24-2020
1105,Southern Virginia University,2,,,Buena Vista,Buena Vista City,Virginia,09-24-2020
1106,Sweet Briar College,7,384.0,388.0,Sweet Briar,Amherst,Virginia,09-24-2020
1107,University of Lynchburg,68,,,Lynchburg,Lynchburg City,Virginia,09-24-2020
1108,University of Mary Washington,2,,,Fredericksburg,Fredericksburg City,Virginia,09-24-2020
1109,University of Richmond,9,1170.0,1206.0,Richmond,Chesterfield,Virginia,09-24-2020
1110,University of Virginia,119,1194.0,1215.0,Charlottesville,Albemarle,Virginia,09-24-2020
1111,University of Virginia's College at Wise,4,749.0,763.0,Wise,Wise,Virginia,09-24-2020
1112,Virginia Commonwealth University,212,1170.0,1206.0,Richmond,Chesterfield,Virginia,09-24-2020
1113,Virginia Highlands Community College,1,0.0,556.0,Abingdon,Washington,Virginia,09-24-2020
1114,Virginia Military Institute,10,,,Lexington,Lexington City,Virginia,09-24-2020
1115,Virginia State University,3,,,Petersburg,Petersburg City,Virginia,09-24-2020
1116,Virginia Tech,594,0.0,8778.0,Blacksburg,Montgomery,Virginia,09-24-2020
1117,Virginia Union University,5,1170.0,1206.0,Richmond,Chesterfield,Virginia,09-24-2020
1118,Washington and Lee University,3,,,Lexington,Lexington City,Virginia,09-24-2020
1119,William & Mary,2,819.0,839.0,Williamsburg,James City,Virginia,09-24-2020
1120,Centralia College,3,14.0,14.0,Centralia,Lewis,Washington,09-24-2020
1121,Clark College,1,325.0,329.0,Vancouver,Clark,Washington,09-24-2020
1122,Clover Park Technical College,1,585.0,604.0,Lakewood,Pierce,Washington,09-24-2020
1123,Columbia Basin College,3,0.0,1755.0,Pasco,Franklin,Washington,09-24-2020
1124,Eastern Washington University,12,6398.0,6561.0,Cheney,Spokane,Washington,09-24-2020
1125,Edmonds College,9,6574.0,6785.0,Lynnwood,Snohomish,Washington,09-24-2020
1126,Gonzaga University,16,6398.0,6561.0,Spokane,Spokane,Washington,09-24-2020
1127,Green River College,3,0.0,0.0,Auburn,King,Washington,09-24-2020
1128,Highline College,2,,,Des Moines,,Washington,09-24-2020
1129,Lake Washington Institute of Technology,1,0.0,0.0,Kirkland,King,Washington,09-24-2020
1130,Lower Columbia College,1,645.0,651.0,Longview,Cowlitz,Washington,09-24-2020
1131,North Seattle College,2,0.0,0.0,Seattle,King,Washington,09-24-2020
1132,Northwest Indian College,2,1266.0,1308.0,Bellingham,Whatcom,Washington,09-24-2020
1133,Olympic College,1,1146.0,1158.0,Bremerton,Kitsap,Washington,09-24-2020
1134,Pierce College Fort Steilacoom,1,585.0,604.0,Lakewood,Pierce,Washington,09-24-2020
1135,Renton Technical College,1,0.0,0.0,Renton,King,Washington,09-24-2020
1136,Seattle Central College,2,0.0,0.0,Seattle,King,Washington,09-24-2020
1137,Seattle Pacific University,1,0.0,0.0,Seattle,King,Washington,09-24-2020
1138,Seattle University,3,0.0,0.0,Seattle,King,Washington,09-24-2020
1139,South Seattle College,1,0.0,0.0,Seattle,King,Washington,09-24-2020
1140,Spokane Community College,5,6398.0,6561.0,Spokane,Spokane,Washington,09-24-2020
1141,Spokane Falls Community College,1,6398.0,6561.0,Spokane,Spokane,Washington,09-24-2020
1142,University of Puget Sound,9,585.0,604.0,Tacoma,Pierce,Washington,09-24-2020
1143,University of Washington,289,0.0,0.0,Seattle,King,Washington,09-24-2020
1144,University of Washington Bothell,5,0.0,0.0,Bothell,King,Washington,09-24-2020
1145,University of Washington Tacoma,10,585.0,604.0,Tacoma,Pierce,Washington,09-24-2020
1146,Washington State University,263,1193.0,1193.0,Pullman,Whitman,Washington,09-24-2020
1147,Wenatchee Valley College,2,1823.0,1838.0,Wenatchee,Chelan,Washington,09-24-2020
1148,Western Washington University,2,1266.0,1308.0,Bellingham,Whatcom,Washington,09-24-2020
1149,Whatcom Community College,6,1266.0,1308.0,Bellingham,Whatcom,Washington,09-24-2020
1150,Whitman College,2,869.0,874.0,Walla Walla,Walla Walla,Washington,09-24-2020
1151,American University,5,,,Washington,,"Washington, D.C.",09-24-2020
1152,Gallaudet University,1,,,Washington,,"Washington, D.C.",09-24-2020
1153,George Washington University,1,,,Washington,,"Washington, D.C.",09-24-2020
1154,Georgetown University,103,,,Washington,,"Washington, D.C.",09-24-2020
1155,University of the District of Columbia,1,,,Washington,,"Washington, D.C.",09-24-2020
1156,Bethany College,2,111.0,112.0,Bethany,Brooke,West Virginia,09-24-2020
1157,Bluefield State College,6,128.0,133.0,Bluefield,Mercer,West Virginia,09-24-2020
1158,Concord University,12,128.0,133.0,Athens,Mercer,West Virginia,09-24-2020
1159,Davis & Elkins College,7,0.0,637.0,Elkins,Randolph,West Virginia,09-24-2020
1160,Fairmont State University,5,0.0,957.0,Fairmont,Marion,West Virginia,09-24-2020
1161,Marshall University,68,749.0,759.0,Huntington,Cabell,West Virginia,09-24-2020
1162,Potomac State College of West Virginia University,2,20.0,20.0,Keyser,Mineral,West Virginia,09-24-2020
1163,Salem University,2,542.0,566.0,Salem,Harrison,West Virginia,09-24-2020
1164,Shepherd University,11,0.0,19441.0,Shepherdstown,Jefferson,West Virginia,09-24-2020
1165,University of Charleston,24,2394.0,2468.0,Charleston,Kanawha,West Virginia,09-24-2020
1166,West Liberty University,4,71.0,78.0,West Liberty,Ohio,West Virginia,09-24-2020
1167,West Virginia State University,27,2394.0,2468.0,Institute,Kanawha,West Virginia,09-24-2020
1168,West Virginia University,381,1954.0,1959.0,Morgantown,Monongalia,West Virginia,09-24-2020
1169,West Virginia University Institute of Technology,2,0.0,443.0,Montgomery,Fayette,West Virginia,09-24-2020
1170,Wheeling University,2,71.0,78.0,Wheeling,Ohio,West Virginia,09-24-2020
1171,Beloit College,2,164.0,164.0,Beloit,Rock,Wisconsin,09-24-2020
1172,Carroll University,19,6858.0,6945.0,Waukesha,Waukesha,Wisconsin,09-24-2020
1173,Carthage College,1,3322.0,3387.0,Kenosha,Kenosha,Wisconsin,09-24-2020
1174,Edgewood College,14,9162.0,9203.0,Madison,Dane,Wisconsin,09-24-2020
1175,Lakeland University,14,1514.0,1529.0,Plymouth,Sheboygan,Wisconsin,09-24-2020
1176,Lawrence University,2,3892.0,3920.0,Appleton,Outagamie,Wisconsin,09-24-2020
1177,Marian University,34,,,Fond Du Lac,Fond Du Lac,Wisconsin,09-24-2020
1178,Marquette University,138,27147.0,27672.0,Milwaukee,Milwaukee,Wisconsin,09-24-2020
1179,Ripon College,4,,,Ripon,Fond Du Lac,Wisconsin,09-24-2020
1180,Saint Norbert College,12,45.0,45.0,De Pere,Brown,Wisconsin,09-24-2020
1181,University of Wisconsin-Eau Claire,69,1728.0,1734.0,Eau Claire,Eau Claire,Wisconsin,09-24-2020
1182,University of Wisconsin-Green Bay,4,45.0,45.0,Green Bay,Brown,Wisconsin,09-24-2020
1183,University of Wisconsin-La Crosse,12,2836.0,2838.0,La Crosse,La Crosse,Wisconsin,09-24-2020
1184,University of Wisconsin-Madison,"1,097",9162.0,9203.0,Madison,Dane,Wisconsin,09-24-2020
1185,University of Wisconsin-Milwaukee,82,27147.0,27672.0,Milwaukee,Milwaukee,Wisconsin,09-24-2020
1186,University of Wisconsin-Oshkosh,1,5485.0,5634.0,Oshkosh,Winnebago,Wisconsin,09-24-2020
1187,University of Wisconsin-Parkside,1,3322.0,3387.0,Somers,Kenosha,Wisconsin,09-24-2020
1188,University of Wisconsin-Platteville,56,253.0,255.0,Platteville,Grant,Wisconsin,09-24-2020
1189,University of Wisconsin-River Falls,4,585.0,604.0,River Falls,Pierce,Wisconsin,09-24-2020
1190,University of Wisconsin-Stevens Point,52,1050.0,1116.0,Stevens Point,Portage,Wisconsin,09-24-2020
1191,University of Wisconsin-Stout,2,95.0,96.0,Menomonie,Dunn,Wisconsin,09-24-2020
1192,University of Wisconsin-Superior,1,2424.0,2484.0,Superior,Douglas,Wisconsin,09-24-2020
1193,University of Wisconsin-Whitewater,140,104.0,105.0,Whitewater,Walworth,Wisconsin,09-24-2020
1194,Casper College,3,503.0,507.0,Casper,Natrona,Wyoming,09-24-2020
1195,Eastern Wyoming College,2,81.0,83.0,Torrington,Goshen,Wyoming,09-24-2020
1196,University of Wyoming,88,2919.0,3053.0,Laramie,Albany,Wyoming,09-24-2020
