,School,Cases,County_Active_Cases,County_Total_Cases,City,County,State,Date
0,Alabama A&M University,17,1789.0,1807.0,Madison,Limestone,Alabama,09-14-2020
1,Athens State University,2,,,Limestone,,Alabama,09-14-2020
2,Auburn University*,"1,672",,,Lee,,Alabama,09-14-2020
3,Birmingham-Southern College,64,644.0,662.0,Jefferson,Marengo,Alabama,09-14-2020
4,Calhoun Community College,20,,,Limestone,,Alabama,09-14-2020
5,Central Alabama Community College,16,,,Tallapoosa,,Alabama,09-14-2020
6,Enterprise State Community College,5,,,Coffee,,Alabama,09-14-2020
7,Gadsden State Community College,25,,,Etowah,,Alabama,09-14-2020
8,Jacksonville State University,219,,,Calhoun,,Alabama,09-14-2020
9,Lurleen B. Wallace Community College,7,,,Covington,,Alabama,09-14-2020
10,Marion Military Institute,3,,,Perry,,Alabama,09-14-2020
11,Samford University,199,644.0,662.0,Jefferson,Marengo,Alabama,09-14-2020
12,Snead State Community College,11,,,Etowah,,Alabama,09-14-2020
13,Southern Union State Community College,45,575.0,581.0,Randolph,Bibb,Alabama,09-14-2020
14,Troy University,112,,,Pike,,Alabama,09-14-2020
15,Troy University Dothan,6,614.0,626.0,Houston,Winston,Alabama,09-14-2020
16,Troy University Montgomery,4,8022.0,8188.0,Montgomery,Montgomery,Alabama,09-14-2020
17,Troy University-Phenix City Campus,6,,,,,Alabama,09-14-2020
18,Tuskegee University,41,,,,,Alabama,09-14-2020
19,University of Alabama,"2,225",5522.0,5618.0,Tuscaloosa,Tuscaloosa,Alabama,09-14-2020
20,University of Alabama at Birmingham*,"1,105",644.0,662.0,Jefferson,Marengo,Alabama,09-14-2020
21,University of Alabama in Huntsville,24,1789.0,1807.0,Madison,Limestone,Alabama,09-14-2020
22,University of Montevallo,63,4640.0,4680.0,Shelby,Shelby,Alabama,09-14-2020
23,University of North Alabama,189,,,Lauderdale,,Alabama,09-14-2020
24,University of South Alabama,169,12278.0,12559.0,Mobile,Mobile,Alabama,09-14-2020
25,University of Alaska Anchorage,4,3564.0,3591.0,Anchorage,Anchorage,Alaska,09-14-2020
26,University of Alaska Fairbanks,35,,,Fairbanks North Star,,Alaska,09-14-2020
27,University of Alaska Southeast,1,239.0,240.0,Juneau,Juneau,Alaska,09-14-2020
28,Arizona State University,"1,330",9992.0,10187.0,Maricopa,Pinal,Arizona,09-14-2020
29,Arizona Western College,4,12078.0,12415.0,Yuma,Yuma,Arizona,09-14-2020
30,Embry-Riddle Aeronautical University at Prescott,21,,,Yavapai,,Arizona,09-14-2020
31,Grand Canyon University,46,9992.0,10187.0,Maricopa,Pinal,Arizona,09-14-2020
32,Midwestern University at Glendale,55,9992.0,10187.0,Maricopa,Pinal,Arizona,09-14-2020
33,Northern Arizona University,37,,,Coconino,,Arizona,09-14-2020
34,University of Arizona,709,750.0,774.0,Pima,Graham,Arizona,09-14-2020
35,Arkansas State University,143,,,Craighead,,Arkansas,09-14-2020
36,Arkansas Tech University,6,,,Pope,,Arkansas,09-14-2020
37,Harding University,1,,,White,,Arkansas,09-14-2020
38,Henderson State University,29,,,Clark,,Arkansas,09-14-2020
39,John Brown University,26,1825.0,1842.0,Benton,Saline,Arkansas,09-14-2020
40,Lyon College,4,,,Independence,,Arkansas,09-14-2020
41,National Park College,2,,,,,Arkansas,09-14-2020
42,NorthWest Arkansas Community College,2,1825.0,1842.0,Benton,Saline,Arkansas,09-14-2020
43,Southern Arkansas University,87,,,Columbia,,Arkansas,09-14-2020
44,University of Arkansas,888,340.0,344.0,Washington,Hempstead,Arkansas,09-14-2020
45,University of Arkansas Community College Rich Mountain,2,,,Polk,,Arkansas,09-14-2020
46,University of Arkansas at Little Rock,52,,,Pulaski,,Arkansas,09-14-2020
47,University of Arkansas at Monticello,14,,,Drew,,Arkansas,09-14-2020
48,University of Arkansas at Pine Bluff,77,17174.0,17484.0,Jefferson,Jefferson,Arkansas,09-14-2020
49,University of Arkansas-Fort Smith,27,,,Sebastian,,Arkansas,09-14-2020
50,University of Central Arkansas,60,,,Faulkner,,Arkansas,09-14-2020
51,University of the Ozarks,35,496.0,509.0,Johnson,Washington,Arkansas,09-14-2020
52,Antelope Valley College,5,248425.0,254656.0,Los Angeles,Los Angeles,California,09-14-2020
53,Biola University,2,248425.0,254656.0,Los Angeles,Los Angeles,California,09-14-2020
54,California Institute of Technology,21,248425.0,254656.0,Los Angeles,Los Angeles,California,09-14-2020
55,California Lutheran University,5,11726.0,11855.0,Ventura,Ventura,California,09-14-2020
56,"California Polytechnic State University, San Luis Obispo",63,3217.0,3240.0,San Luis Obispo,San Luis Obispo,California,09-14-2020
57,"California State Polytechnic University, Pomona",11,248425.0,254656.0,Los Angeles,Los Angeles,California,09-14-2020
58,California State University Maritime Academy,3,,,Solano,,California,09-14-2020
59,"California State University, Bakersfield",3,,,Kern,,California,09-14-2020
60,"California State University, Channel Islands",1,11726.0,11855.0,Ventura,Ventura,California,09-14-2020
61,"California State University, Chico",145,,,Butte,,California,09-14-2020
62,"California State University, Dominguez Hills",8,248425.0,254656.0,Los Angeles,Los Angeles,California,09-14-2020
63,"California State University, East Bay",16,19690.0,20022.0,Alameda,Alameda,California,09-14-2020
64,"California State University, Long Beach",76,248425.0,254656.0,Los Angeles,Los Angeles,California,09-14-2020
65,"California State University, Los Angeles",65,248425.0,254656.0,Los Angeles,Los Angeles,California,09-14-2020
66,"California State University, Monterey Bay",2,8928.0,8992.0,Monterey,Monterey,California,09-14-2020
67,"California State University, Northridge",27,248425.0,254656.0,Los Angeles,Los Angeles,California,09-14-2020
68,"California State University, Sacramento",23,20079.0,20435.0,Sacramento,Sacramento,California,09-14-2020
69,"California State University, San Bernardino",4,49877.0,50709.0,San Bernardino,San Bernardino,California,09-14-2020
70,"California State University, San Marcos",8,42153.0,42887.0,San Diego,San Diego,California,09-14-2020
71,Concordia University Irvine,2,49881.0,50974.0,Orange,Orange,California,09-14-2020
72,Cypress College,8,49881.0,50974.0,Orange,Orange,California,09-14-2020
73,Dominican University of California,1,,,Marin,,California,09-14-2020
74,Fresno State University,21,26859.0,27196.0,Fresno,Fresno,California,09-14-2020
75,Harvey Mudd College,5,248425.0,254656.0,Los Angeles,Los Angeles,California,09-14-2020
76,Holy Names University,1,19690.0,20022.0,Alameda,Alameda,California,09-14-2020
77,Humboldt State University,7,,,Humboldt,,California,09-14-2020
78,Los Angeles Community College District,167,248425.0,254656.0,Los Angeles,Los Angeles,California,09-14-2020
79,Loyola Marymount University,1,248425.0,254656.0,Los Angeles,Los Angeles,California,09-14-2020
80,Menlo College,3,9027.0,9166.0,San Mateo,San Mateo,California,09-14-2020
81,Mills College,2,19690.0,20022.0,Alameda,Alameda,California,09-14-2020
82,Occidental College,5,248425.0,254656.0,Los Angeles,Los Angeles,California,09-14-2020
83,Pepperdine University,21,248425.0,254656.0,Los Angeles,Los Angeles,California,09-14-2020
84,Rio Hondo College*,8,248425.0,254656.0,Los Angeles,Los Angeles,California,09-14-2020
85,Saint Mary's College of California,8,,,Contra Costa,,California,09-14-2020
86,San Diego State University System,444,42153.0,42887.0,San Diego,San Diego,California,09-14-2020
87,San Francisco State University,5,10287.0,10378.0,San Francisco,San Francisco,California,09-14-2020
88,San Jose State University,42,19266.0,19613.0,Santa Clara,Santa Clara,California,09-14-2020
89,Santa Clara University,14,19266.0,19613.0,Santa Clara,Santa Clara,California,09-14-2020
90,Santa Monica College,15,248425.0,254656.0,Los Angeles,Los Angeles,California,09-14-2020
91,Scripps College,4,248425.0,254656.0,Los Angeles,Los Angeles,California,09-14-2020
92,Shasta College,1,600.0,612.0,Shasta,Shasta,California,09-14-2020
93,Southwestern College,6,42153.0,42887.0,San Diego,San Diego,California,09-14-2020
94,Stanford University*,137,19266.0,19613.0,Santa Clara,Santa Clara,California,09-14-2020
95,"University of California, Berkeley",166,19690.0,20022.0,Alameda,Alameda,California,09-14-2020
96,"University of California, Davis",74,2636.0,2689.0,Yolo,Yolo,California,09-14-2020
97,"University of California, Hastings College of Law",1,10287.0,10378.0,San Francisco,San Francisco,California,09-14-2020
98,"University of California, Irvine",99,49881.0,50974.0,Orange,Orange,California,09-14-2020
99,"University of California, Los Angeles",136,248425.0,254656.0,Los Angeles,Los Angeles,California,09-14-2020
100,"University of California, Merced",1,8448.0,8575.0,Merced,Merced,California,09-14-2020
101,"University of California, Riverside",48,54648.0,55766.0,Riverside,Riverside,California,09-14-2020
102,"University of California, San Diego*",237,42153.0,42887.0,San Diego,San Diego,California,09-14-2020
103,"University of California, Santa Barbara",11,8585.0,8690.0,Santa Barbara,Santa Barbara,California,09-14-2020
104,"University of California, Santa Cruz",16,2724.0,2785.0,Santa Cruz,Santa Cruz,California,09-14-2020
105,University of Redlands,5,49877.0,50709.0,San Bernardino,San Bernardino,California,09-14-2020
106,University of San Diego,1,42153.0,42887.0,San Diego,San Diego,California,09-14-2020
107,University of San Francisco,6,10287.0,10378.0,San Francisco,San Francisco,California,09-14-2020
108,University of Southern California,358,248425.0,254656.0,Los Angeles,Los Angeles,California,09-14-2020
109,Adams State University,3,231.0,240.0,Alamosa,Alamosa,Colorado,09-14-2020
110,Arapahoe Community College,4,10.0,10.0,Arapahoe,Cheyenne,Colorado,09-14-2020
111,Colorado Christian University,1,,,,,Colorado,09-14-2020
112,Colorado College,11,,,El Paso,,Colorado,09-14-2020
113,Colorado Mesa University,20,486.0,492.0,Mesa,Mesa,Colorado,09-14-2020
114,Colorado School of Mines,29,45.0,46.0,Jefferson,Park,Colorado,09-14-2020
115,Colorado State University,118,,,Larimer,,Colorado,09-14-2020
116,Community College of Denver,2,,,Adams,,Colorado,09-14-2020
117,Fort Lewis College,18,,,La Plata,,Colorado,09-14-2020
118,Front Range Community College,4,,,Adams,,Colorado,09-14-2020
119,Metropolitan State University of Denver,4,,,Adams,,Colorado,09-14-2020
120,Morgan Community College,1,,,Morgan,,Colorado,09-14-2020
121,Pikes Peak Community College,2,,,El Paso,,Colorado,09-14-2020
122,Regis University,6,,,Adams,,Colorado,09-14-2020
123,Trinidad State Junior College,2,11.0,11.0,Las Animas,Bent,Colorado,09-14-2020
124,University of Colorado Boulder,188,2765.0,2844.0,Boulder,Boulder,Colorado,09-14-2020
125,University of Colorado Colorado Springs,5,,,El Paso,,Colorado,09-14-2020
126,University of Colorado Denver and Anschutz Medical Campus,1,,,Adams,,Colorado,09-14-2020
127,University of Denver,15,,,Adams,,Colorado,09-14-2020
128,University of Northern Colorado,20,,,Weld,,Colorado,09-14-2020
129,Western Colorado University,12,289.0,296.0,Gunnison,Gunnison,Colorado,09-14-2020
130,Central Connecticut State University,32,12629.0,14060.0,Hartford,Hartford,Connecticut,09-14-2020
131,Connecticut College,3,1566.0,1677.0,New London,New London,Connecticut,09-14-2020
132,Sacred Heart University,42,18099.0,19518.0,Fairfield,Fairfield,Connecticut,09-14-2020
133,Southern Connecticut State University,2,12948.0,14059.0,New Haven,New Haven,Connecticut,09-14-2020
134,Trinity College,3,12629.0,14060.0,Hartford,Hartford,Connecticut,09-14-2020
135,United States Coast Guard Academy,9,1566.0,1677.0,New London,New London,Connecticut,09-14-2020
136,University of Connecticut*,200,,,,,Connecticut,09-14-2020
137,University of Hartford,2,12629.0,14060.0,Hartford,Hartford,Connecticut,09-14-2020
138,Wesleyan University,5,,,Middlesex,,Connecticut,09-14-2020
139,Yale University,136,12948.0,14059.0,New Haven,New Haven,Connecticut,09-14-2020
140,Delaware State University,35,,,Kent,,Delaware,09-14-2020
141,Delaware Technical Community College Dover,2,,,Kent,,Delaware,09-14-2020
142,Delaware Technical Community College Georgetown,6,,,Sussex,,Delaware,09-14-2020
143,Delaware Technical Community College Stanton,3,,,,,Delaware,09-14-2020
144,University of Delaware,89,8840.0,9146.0,New Castle,New Castle,Delaware,09-14-2020
145,Wesley College,1,,,Kent,,Delaware,09-14-2020
146,Barry University,1,,,Miami-dade,,Florida,09-14-2020
147,Daytona State College,20,,,Volusia,,Florida,09-14-2020
148,Eckerd College,2,,,Pinellas,,Florida,09-14-2020
149,Embry-Riddle Aeronautical University at Daytona Beach,39,,,Volusia,,Florida,09-14-2020
150,Flagler College,28,,,,,Florida,09-14-2020
151,Florida A&M University,45,,,Leon,,Florida,09-14-2020
152,Florida Atlantic University,30,42940.0,44139.0,Palm Beach,Palm Beach,Florida,09-14-2020
153,Florida College,30,,,,,Florida,09-14-2020
154,Florida Gulf Coast University,41,6815.0,6880.0,Lee,Madison,Florida,09-14-2020
155,Florida Institute of Technology,14,,,Brevard,,Florida,09-14-2020
156,Florida International University,147,,,Miami-dade,,Florida,09-14-2020
157,Florida Polytechnic University,9,,,Polk,,Florida,09-14-2020
158,Florida State College at Jacksonville,16,,,Duval,,Florida,09-14-2020
159,Florida State University,853,,,Leon,,Florida,09-14-2020
160,Jacksonville University,20,,,Duval,,Florida,09-14-2020
161,Miami Dade College,147,,,Miami-dade,,Florida,09-14-2020
162,New College of Florida,2,,,Manatee,,Florida,09-14-2020
163,North Florida College,6,6815.0,6880.0,Madison,Madison,Florida,09-14-2020
164,Northwest Florida State College,8,,,Okaloosa,,Florida,09-14-2020
165,Nova Southeastern University,1,,,Broward,,Florida,09-14-2020
166,Palm Beach Atlantic University,20,42940.0,44139.0,Palm Beach,Palm Beach,Florida,09-14-2020
167,Palm Beach State College,33,42940.0,44139.0,Palm Beach,Palm Beach,Florida,09-14-2020
168,Pensacola State College,1,,,Escambia,,Florida,09-14-2020
169,Polk State College,28,,,Polk,,Florida,09-14-2020
170,Rollins College,2,,,Orange,,Florida,09-14-2020
171,South Florida State College,9,,,Highlands,,Florida,09-14-2020
172,St. Petersburg College,21,,,,,Florida,09-14-2020
173,"State College of Florida, Manatee-Sarasota",24,,,Manatee,,Florida,09-14-2020
174,Stetson University,32,,,,,Florida,09-14-2020
175,The College of the Florida Keys,6,,,Monroe,,Florida,09-14-2020
176,University of Central Florida,829,,,Brevard,,Florida,09-14-2020
177,University of Florida,300,6515.0,6555.0,Alachua,Alachua,Florida,09-14-2020
178,University of Miami*,259,,,Miami-dade,,Florida,09-14-2020
179,University of North Florida,83,,,Duval,,Florida,09-14-2020
180,University of South Florida*,270,,,,,Florida,09-14-2020
181,University of South Florida Sarasota-Manatee,6,,,Manatee,,Florida,09-14-2020
182,"University of South Florida, St. Petersburg",13,,,,,Florida,09-14-2020
183,University of Tampa,28,,,,,Florida,09-14-2020
184,University of West Florida,81,,,Escambia,,Florida,09-14-2020
185,Valencia College,21,,,Brevard,,Florida,09-14-2020
186,Abraham Baldwin Agricultural College,35,,,Tift,,Georgia,09-14-2020
187,Agnes Scott College,1,,,Dekalb,,Georgia,09-14-2020
188,Albany State University,55,,,Dougherty,,Georgia,09-14-2020
189,Augusta University,138,,,Columbia,,Georgia,09-14-2020
190,Berry College,35,,,Floyd,,Georgia,09-14-2020
191,Clayton State University,53,301.0,308.0,Clayton,Rabun,Georgia,09-14-2020
192,College of Coastal Georgia,40,,,Glynn,,Georgia,09-14-2020
193,Columbus State University,24,,,Muscogee,,Georgia,09-14-2020
194,Covenant College,14,,,Walker,,Georgia,09-14-2020
195,Dalton State College,19,,,Whitfield,,Georgia,09-14-2020
196,East Georgia State College,28,,,Emanuel,,Georgia,09-14-2020
197,Emory University,125,,,Dekalb,,Georgia,09-14-2020
198,Fort Valley State University,29,,,Peach,,Georgia,09-14-2020
199,Georgia College & State University,663,431.0,437.0,Baldwin,Banks,Georgia,09-14-2020
200,Georgia Gwinnett College,75,,,Gwinnett,,Georgia,09-14-2020
201,Georgia Highlands College,28,,,Floyd,,Georgia,09-14-2020
202,Georgia Institute of Technology,800,,,Dekalb,,Georgia,09-14-2020
203,Georgia Military College,1,431.0,437.0,Baldwin,Banks,Georgia,09-14-2020
204,Georgia Southern University,635,,,Bulloch,,Georgia,09-14-2020
205,Georgia Southwestern State University,33,,,,,Georgia,09-14-2020
206,Georgia State University,107,,,Dekalb,,Georgia,09-14-2020
207,Gordon State College,7,,,Lamar,,Georgia,09-14-2020
208,Kennesaw State University,82,386.0,405.0,Cobb,Sumter,Georgia,09-14-2020
209,LaGrange College,8,,,,,Georgia,09-14-2020
210,Mercer University,165,,,Bibb,,Georgia,09-14-2020
211,Middle Georgia State University,104,,,Bibb,,Georgia,09-14-2020
212,South Georgia State College,24,,,Coffee,,Georgia,09-14-2020
213,University of Georgia,"3,045",,,Clarke,,Georgia,09-14-2020
214,University of North Georgia,328,398.0,411.0,Lumpkin,Stewart,Georgia,09-14-2020
215,University of West Georgia,143,,,Carroll,,Georgia,09-14-2020
216,Valdosta State University,78,,,Lowndes,,Georgia,09-14-2020
217,Wesleyan College,21,,,Bibb,,Georgia,09-14-2020
218,Hawaii Pacific University,1,9637.0,9723.0,Honolulu,Honolulu,Hawaii,09-14-2020
219,Kapiolani Community College,3,9637.0,9723.0,Honolulu,Honolulu,Hawaii,09-14-2020
220,Leeward Community College,3,9637.0,9723.0,Honolulu,Honolulu,Hawaii,09-14-2020
221,University of Hawaii Maui College,1,,,Maui,,Hawaii,09-14-2020
222,University of Hawaii at Manoa,13,9637.0,9723.0,Honolulu,Honolulu,Hawaii,09-14-2020
223,Boise State University,99,,,,,Idaho,09-14-2020
224,Brigham Young University-Idaho,1,,,Madison,,Idaho,09-14-2020
225,College of Idaho,24,,,Canyon,,Idaho,09-14-2020
226,College of Southern Idaho,3,1876.0,1911.0,Twin Falls,Twin Falls,Idaho,09-14-2020
227,Idaho State University,53,,,Bannock,,Idaho,09-14-2020
228,Lewis-Clark State College,3,,,Nez Perce,,Idaho,09-14-2020
229,North Idaho College,9,,,,,Idaho,09-14-2020
230,Northwest Nazarene University,1,,,Canyon,,Idaho,09-14-2020
231,University of Idaho,87,,,Latah,,Idaho,09-14-2020
232,Augustana College,3,2564.0,2632.0,Rock Island,Rock Island,Illinois,09-14-2020
233,Aurora University,1,,,Dupage,,Illinois,09-14-2020
234,Bradley University,39,2904.0,2948.0,Peoria,Peoria,Illinois,09-14-2020
235,Chicago State University,17,,,Cook,,Illinois,09-14-2020
236,Columbia College Chicago,2,,,Cook,,Illinois,09-14-2020
237,Concordia University Chicago,1,,,Cook,,Illinois,09-14-2020
238,DePaul University,6,,,Cook,,Illinois,09-14-2020
239,Dominican University,1,,,Cook,,Illinois,09-14-2020
240,Eastern Illinois University,142,,,Coles,,Illinois,09-14-2020
241,Elmhurst University,13,,,Dupage,,Illinois,09-14-2020
242,Eureka College,11,,,Woodford,,Illinois,09-14-2020
243,Governors State University,3,,,,,Illinois,09-14-2020
244,Greenville University,12,,,Bond,,Illinois,09-14-2020
245,Illinois Institute of Technology,33,,,Cook,,Illinois,09-14-2020
246,Illinois State University,"1,327",,,Mclean,,Illinois,09-14-2020
247,Illinois Wesleyan University,97,,,Mclean,,Illinois,09-14-2020
248,Kaskaskia College,20,1156.0,1183.0,Marion,Williamson,Illinois,09-14-2020
249,Lake Forest College,1,,,Lake,,Illinois,09-14-2020
250,Lake Land College,21,,,Coles,,Illinois,09-14-2020
251,Lewis University,19,,,Will,,Illinois,09-14-2020
252,Loyola University Chicago,3,,,Cook,,Illinois,09-14-2020
253,McKendree University,72,,,Saint Clair,,Illinois,09-14-2020
254,Midwestern University at Downers Grove,30,,,Dupage,,Illinois,09-14-2020
255,Millikin University,29,404.0,421.0,Macon,Macon,Illinois,09-14-2020
256,Monmouth College,15,213.0,215.0,Warren,Jo Daviess,Illinois,09-14-2020
257,Moody Bible Institute,7,,,Cook,,Illinois,09-14-2020
258,North Central College,20,,,Dupage,,Illinois,09-14-2020
259,North Park University,9,,,Cook,,Illinois,09-14-2020
260,Northeastern Illinois University,39,,,Cook,,Illinois,09-14-2020
261,Northern Illinois University,151,,,Dekalb,Dekalb,Illinois,09-14-2020
262,Northwestern University,73,,,Cook,,Illinois,09-14-2020
263,Olivet Nazarene University,9,2468.0,2540.0,Kankakee,Kankakee,Illinois,09-14-2020
264,Principia College,1,,,Jersey,,Illinois,09-14-2020
265,Quincy University,5,,,Adams,,Illinois,09-14-2020
266,Saint Xavier University,4,,,Cook,,Illinois,09-14-2020
267,School of the Art Institute of Chicago,1,,,Cook,,Illinois,09-14-2020
268,Southeastern Illinois College,5,,,Saline,,Illinois,09-14-2020
269,Southern Illinois University Carbondale,13,,,Jackson,,Illinois,09-14-2020
270,Southern Illinois University Edwardsville,33,6815.0,6880.0,Madison,Madison,Illinois,09-14-2020
271,University of Chicago,52,,,Cook,,Illinois,09-14-2020
272,University of Illinois Springfield,15,,,Sangamon,,Illinois,09-14-2020
273,University of Illinois Urbana-Champaign,"1,760",4039.0,4059.0,Champaign,Champaign,Illinois,09-14-2020
274,University of Illinois at Chicago,67,,,Cook,,Illinois,09-14-2020
275,Western Illinois University,99,,,Mcdonough,,Illinois,09-14-2020
276,Wheaton College,3,,,Dupage,,Illinois,09-14-2020
277,Ball State University,909,,,Delaware,,Indiana,09-14-2020
278,Butler University,53,335.0,342.0,Hamilton,Steuben,Indiana,09-14-2020
279,DePauw University,33,,,Putnam,,Indiana,09-14-2020
280,Earlham College,4,,,Wayne,,Indiana,09-14-2020
281,Goshen College,2,5962.0,6066.0,Elkhart,Elkhart,Indiana,09-14-2020
282,Indiana State University,93,,,,,Indiana,09-14-2020
283,Indiana University Bloomington,286,7892.0,8103.0,Monroe,Adams,Indiana,09-14-2020
284,Indiana University East,5,,,Wayne,,Indiana,09-14-2020
285,Indiana University Kokomo,5,,,Howard,,Indiana,09-14-2020
286,Indiana University Northwest,1,,,Lake,,Indiana,09-14-2020
287,Indiana University South Bend,5,,,St Joseph,,Indiana,09-14-2020
288,Indiana University-Purdue University Indianapolis,48,335.0,342.0,Hamilton,Steuben,Indiana,09-14-2020
289,Manchester University,6,132.0,133.0,Wabash,Wabash,Indiana,09-14-2020
290,Purdue University,322,3513.0,3554.0,Tippecanoe,Marshall,Indiana,09-14-2020
291,Purdue University Fort Wayne,27,,,Allen,,Indiana,09-14-2020
292,Purdue University Northwest,18,,,Lake,,Indiana,09-14-2020
293,Saint Mary's College,32,,,St Joseph,,Indiana,09-14-2020
294,Taylor University,3,,,Grant,,Indiana,09-14-2020
295,Trine University,13,,,Steuben,,Indiana,09-14-2020
296,University of Evansville,23,,,Vanderburgh,,Indiana,09-14-2020
297,University of Notre Dame,626,,,St Joseph,,Indiana,09-14-2020
298,University of Southern Indiana,45,,,Vanderburgh,,Indiana,09-14-2020
299,Valparaiso University,9,,,Porter,,Indiana,09-14-2020
300,Vincennes University,6,223.0,230.0,Knox,Starke,Indiana,09-14-2020
301,Wabash College,14,565.0,591.0,Montgomery,Daviess,Indiana,09-14-2020
302,Buena Vista University,8,,,Buena Vista,,Iowa,09-14-2020
303,Central College,4,3433.0,3534.0,Marion,Linn,Iowa,09-14-2020
304,Clarke University,13,2379.0,2416.0,Dubuque,Dubuque,Iowa,09-14-2020
305,Coe College,24,,,Linn,,Iowa,09-14-2020
306,Cornell College,2,,,Linn,,Iowa,09-14-2020
307,Dordt University,28,,,Sioux,,Iowa,09-14-2020
308,Drake University,1,,,,,Iowa,09-14-2020
309,Graceland University,7,1042.0,1066.0,Decatur,Decatur,Iowa,09-14-2020
310,Iowa State University,"1,102",,,Story,,Iowa,09-14-2020
311,Iowa Wesleyan University,46,,,Henry,,Iowa,09-14-2020
312,Luther College,3,,,Winneshiek,,Iowa,09-14-2020
313,Morningside College,19,,,Woodbury,,Iowa,09-14-2020
314,Northwestern College,17,,,Sioux,,Iowa,09-14-2020
315,Simpson College,7,,,Warren,,Iowa,09-14-2020
316,University of Dubuque,13,2379.0,2416.0,Dubuque,Dubuque,Iowa,09-14-2020
317,University of Iowa,"1,616",,,Johnson,,Iowa,09-14-2020
318,University of Northern Iowa,123,,,Black Hawk,,Iowa,09-14-2020
319,Upper Iowa University,9,350.0,357.0,Fayette,Fayette,Iowa,09-14-2020
320,Wartburg College,69,,,Bremer,,Iowa,09-14-2020
321,William Penn University,30,,,Mahaska,,Iowa,09-14-2020
322,Baker University,38,,,Douglas,,Kansas,09-14-2020
323,Benedictine College,98,298.0,299.0,Atchison,Atchison,Kansas,09-14-2020
324,Bethel College,54,,,Harvey,,Kansas,09-14-2020
325,Butler Community College,37,,,Butler,,Kansas,09-14-2020
326,Central Christian College,8,,,,,Kansas,09-14-2020
327,Emporia State University,38,,,Lyon,,Kansas,09-14-2020
328,Fort Hays State University,33,695.0,698.0,Ellis,Ellis,Kansas,09-14-2020
329,Hutchinson Community College,12,,,Reno,,Kansas,09-14-2020
330,Johnson County Community College,38,46.0,48.0,Johnson,Stanton,Kansas,09-14-2020
331,Kansas State University,479,1378.0,1386.0,Riley,Riley,Kansas,09-14-2020
332,Kansas Wesleyan University,13,,,Saline,,Kansas,09-14-2020
333,Labette Community College,5,,,Labette,,Kansas,09-14-2020
334,Newman University,4,,,,,Kansas,09-14-2020
335,Pittsburg State University,144,,,Crawford,,Kansas,09-14-2020
336,Southwestern College,6,,,Cowley,,Kansas,09-14-2020
337,University of Kansas,612,,,Douglas,,Kansas,09-14-2020
338,Washburn University,33,797.0,801.0,Shawnee,Johnson,Kansas,09-14-2020
339,Wichita State University,38,320.0,324.0,Sedgwick,Harvey,Kansas,09-14-2020
340,Alice Lloyd College,9,,,Knott,,Kentucky,09-14-2020
341,Asbury University,2,,,Jessamine,,Kentucky,09-14-2020
342,Bellarmine University,13,,,Jefferson,,Kentucky,09-14-2020
343,Berea College,4,,,Madison,,Kentucky,09-14-2020
344,Big Sandy Community and Technical College,1,,,Floyd,,Kentucky,09-14-2020
345,Bluegrass Community and Technical College,28,,,Fayette,,Kentucky,09-14-2020
346,Campbellsville University,16,,,Taylor,,Kentucky,09-14-2020
347,Centre College,7,,,Boyle,,Kentucky,09-14-2020
348,Eastern Kentucky University,88,,,Madison,,Kentucky,09-14-2020
349,Elizabethtown Community and Technical College,5,3513.0,3554.0,Hardin,Marshall,Kentucky,09-14-2020
350,Georgetown College,27,,,Scott,,Kentucky,09-14-2020
351,Hazard Community and Technical College,1,,,Perry,,Kentucky,09-14-2020
352,Henderson Community College,2,60.0,60.0,Henderson,Henderson,Kentucky,09-14-2020
353,Hopkinsville Community College,2,,,Christian,,Kentucky,09-14-2020
354,Kentucky State University,41,240.0,248.0,Franklin,Simpson,Kentucky,09-14-2020
355,Kentucky Wesleyan College,14,,,Daviess,,Kentucky,09-14-2020
356,Lexington Theological Seminary,1,,,Fayette,,Kentucky,09-14-2020
357,Lindsey Wilson College,7,,,Adair,,Kentucky,09-14-2020
358,Madisonville Community College,1,,,Hopkins,,Kentucky,09-14-2020
359,Midway University,3,,,Woodford,,Kentucky,09-14-2020
360,Morehead State University,58,,,Rowan,,Kentucky,09-14-2020
361,Murray State University,72,,,Calloway,,Kentucky,09-14-2020
362,Northern Kentucky University,3,,,,,Kentucky,09-14-2020
363,Southcentral Kentucky Community and Technical College,9,,,Warren,,Kentucky,09-14-2020
364,Spalding University,1,,,Jefferson,,Kentucky,09-14-2020
365,Thomas More University,10,,,,,Kentucky,09-14-2020
366,Transylvania University,36,,,Fayette,,Kentucky,09-14-2020
367,Union College,35,,,Knox,,Kentucky,09-14-2020
368,University of Kentucky,994,,,Fayette,,Kentucky,09-14-2020
369,University of Louisville,326,,,Jefferson,,Kentucky,09-14-2020
370,University of Pikeville,20,,,Pike,,Kentucky,09-14-2020
371,University of the Cumberlands,4,,,Whitley,,Kentucky,09-14-2020
372,West Kentucky Community and Technical College,4,,,Mccracken,,Kentucky,09-14-2020
373,Western Kentucky University,491,,,Warren,,Kentucky,09-14-2020
374,Centenary College of Louisiana,27,,,Caddo,,Louisiana,09-14-2020
375,Grambling State University,8,,,Lincoln,,Louisiana,09-14-2020
376,Louisiana State University,489,,,East Baton Rouge,,Louisiana,09-14-2020
377,Louisiana State University Alexandria,17,,,Rapides,,Louisiana,09-14-2020
378,"Louisiana State University Health Sciences Center, New Orleans*",232,,,Jefferson,,Louisiana,09-14-2020
379,"Louisiana State University Health Sciences Center, Shreveport*",1,,,Caddo,,Louisiana,09-14-2020
380,Louisiana Tech University,62,,,Lincoln,,Louisiana,09-14-2020
381,Loyola University New Orleans,21,,,Jefferson,,Louisiana,09-14-2020
382,Nicholls State University,88,,,Lafourche,,Louisiana,09-14-2020
383,Northwestern State University of Louisiana,67,1004.0,1029.0,Natchitoches,Natchitoches,Louisiana,09-14-2020
384,Southeastern Louisiana University,73,4181.0,4292.0,Tangipahoa,Tangipahoa,Louisiana,09-14-2020
385,Southern University Law Center,7,,,East Baton Rouge,,Louisiana,09-14-2020
386,Southern University and A&M College,68,,,East Baton Rouge,,Louisiana,09-14-2020
387,Southern University at New Orleans,15,,,Jefferson,,Louisiana,09-14-2020
388,Tulane University of Louisiana,519,,,Jefferson,,Louisiana,09-14-2020
389,University of Louisiana Monroe,15,,,Ouachita,,Louisiana,09-14-2020
390,University of Louisiana at Lafayette,84,,,,,Louisiana,09-14-2020
391,University of New Orleans,10,,,Jefferson,,Louisiana,09-14-2020
392,Bates College,4,,,Androscoggin,,Maine,09-14-2020
393,Bowdoin College,1,,,Cumberland,,Maine,09-14-2020
394,Colby College,8,,,Kennebec,,Maine,09-14-2020
395,Husson University,1,338.0,379.0,Penobscot,Hancock,Maine,09-14-2020
396,Maine Maritime Academy,4,338.0,379.0,Hancock,Hancock,Maine,09-14-2020
397,University of Maine,8,338.0,379.0,Penobscot,Hancock,Maine,09-14-2020
398,University of Maine Farmington,1,338.0,379.0,Franklin,Hancock,Maine,09-14-2020
399,University of Maine at Fort Kent,1,,,Aroostook,,Maine,09-14-2020
400,University of New England,12,982.0,997.0,York,York,Maine,09-14-2020
401,University of Southern Maine,4,,,Cumberland,,Maine,09-14-2020
402,Bowie State University,7,,,Prince Georges,,Maryland,09-14-2020
403,Coppin State University,6,,,Anne Arundel,,Maryland,09-14-2020
404,Hood College,4,3628.0,3756.0,Frederick,Frederick,Maryland,09-14-2020
405,Johns Hopkins University,1,,,Anne Arundel,,Maryland,09-14-2020
406,McDaniel College,8,,,Carroll,,Maryland,09-14-2020
407,Morgan State University,13,,,Anne Arundel,,Maryland,09-14-2020
408,Mount St. Mary's University,17,3628.0,3756.0,Frederick,Frederick,Maryland,09-14-2020
409,Salisbury University,34,,,Wicomico,,Maryland,09-14-2020
410,St. Mary's College of Maryland,4,,,,,Maryland,09-14-2020
411,Stevenson University,45,8951.0,9191.0,Baltimore,Anne Arundel,Maryland,09-14-2020
412,Towson University,273,8951.0,9191.0,Baltimore,Anne Arundel,Maryland,09-14-2020
413,United States Naval Academy,7,,,Anne Arundel,,Maryland,09-14-2020
414,University of Maryland Eastern Shore,23,,,Somerset,,Maryland,09-14-2020
415,"University of Maryland, Baltimore",1,,,Anne Arundel,,Maryland,09-14-2020
416,"University of Maryland, Baltimore County",31,,,Anne Arundel,,Maryland,09-14-2020
417,"University of Maryland, College Park",287,,,Prince Georges,,Maryland,09-14-2020
418,American International College,4,7101.0,7868.0,Hampden,Hampden,Massachusetts,09-14-2020
419,Amherst College,3,,,Hampshire,,Massachusetts,09-14-2020
420,Anna Maria College,5,922.0,948.0,Worcester,Worcester,Massachusetts,09-14-2020
421,Assumption College,3,922.0,948.0,Worcester,Worcester,Massachusetts,09-14-2020
422,Babson College,5,8811.0,9845.0,Norfolk,Norfolk,Massachusetts,09-14-2020
423,Bentley University,2,,,Middlesex,,Massachusetts,09-14-2020
424,Boston College,86,,,Middlesex,,Massachusetts,09-14-2020
425,Boston University,83,,,Suffolk,,Massachusetts,09-14-2020
426,Brandeis University,9,,,Middlesex,,Massachusetts,09-14-2020
427,Bridgewater State University,3,907.0,927.0,Plymouth,Plymouth,Massachusetts,09-14-2020
428,Clark University,4,922.0,948.0,Worcester,Worcester,Massachusetts,09-14-2020
429,College of Our Lady of the Elms,1,7101.0,7868.0,Hampden,Hampden,Massachusetts,09-14-2020
430,College of the Holy Cross,2,922.0,948.0,Worcester,Worcester,Massachusetts,09-14-2020
431,Eastern Nazarene College,8,8811.0,9845.0,Norfolk,Norfolk,Massachusetts,09-14-2020
432,Emerson College,3,,,Suffolk,,Massachusetts,09-14-2020
433,Emmanuel College,4,,,Suffolk,,Massachusetts,09-14-2020
434,Framingham State University,5,,,Middlesex,,Massachusetts,09-14-2020
435,Harvard University,43,,,Middlesex,,Massachusetts,09-14-2020
436,Hebrew College,1,,,,,Massachusetts,09-14-2020
437,Lasell University,3,,,Middlesex,,Massachusetts,09-14-2020
438,Massachusetts College of Liberal Arts,1,638.0,685.0,Berkshire,Berkshire,Massachusetts,09-14-2020
439,Massachusetts College of Pharmacy and Health Sciences*,5,,,Suffolk,,Massachusetts,09-14-2020
440,Massachusetts Institute of Technology,19,,,Middlesex,,Massachusetts,09-14-2020
441,Mount Holyoke College,3,,,Hampshire,,Massachusetts,09-14-2020
442,Nichols College,3,922.0,948.0,Worcester,Worcester,Massachusetts,09-14-2020
443,Northeastern University,33,,,Suffolk,,Massachusetts,09-14-2020
444,Salem State University,3,17443.0,18703.0,Essex,Essex,Massachusetts,09-14-2020
445,Smith College,2,,,Hampshire,,Massachusetts,09-14-2020
446,Springfield College,1,7101.0,7868.0,Hampden,Hampden,Massachusetts,09-14-2020
447,Suffolk University,8,,,Suffolk,,Massachusetts,09-14-2020
448,Tufts University,18,,,Middlesex,,Massachusetts,09-14-2020
449,University of Massachusetts Amherst,14,,,Hampshire,,Massachusetts,09-14-2020
450,University of Massachusetts Boston,16,,,Suffolk,,Massachusetts,09-14-2020
451,University of Massachusetts Dartmouth,1,,,Bristol,,Massachusetts,09-14-2020
452,University of Massachusetts Lowell,2,,,Middlesex,,Massachusetts,09-14-2020
453,University of Massachusetts Medical School*,11,922.0,948.0,Worcester,Worcester,Massachusetts,09-14-2020
454,Wellesley College,2,8811.0,9845.0,Norfolk,Norfolk,Massachusetts,09-14-2020
455,Wentworth Institute of Technology,1,,,Suffolk,,Massachusetts,09-14-2020
456,Western New England University,3,7101.0,7868.0,Hampden,Hampden,Massachusetts,09-14-2020
457,Wheaton College,1,,,Bristol,,Massachusetts,09-14-2020
458,Williams College,2,638.0,685.0,Berkshire,Berkshire,Massachusetts,09-14-2020
459,Worcester Polytechnic Institute,10,922.0,948.0,Worcester,Worcester,Massachusetts,09-14-2020
460,Adrian College,227,,,Lenawee,,Michigan,09-14-2020
461,Alma College,4,,,Gratiot,,Michigan,09-14-2020
462,Andrews University,8,,,Berrien,,Michigan,09-14-2020
463,Aquinas College,6,,,Kent,,Michigan,09-14-2020
464,Calvin University,17,,,Kent,,Michigan,09-14-2020
465,Central Michigan University,186,,,Isabella,,Michigan,09-14-2020
466,Concordia University Ann Arbor,1,,,Washtenaw,,Michigan,09-14-2020
467,Davenport University,1,,,Kent,,Michigan,09-14-2020
468,Eastern Michigan University,15,,,Washtenaw,,Michigan,09-14-2020
469,Ferris State University,26,162.0,164.0,Mecosta,Mecosta,Michigan,09-14-2020
470,Finlandia University,2,217.0,218.0,Houghton,Houghton,Michigan,09-14-2020
471,Grand Rapids Community College,7,,,Kent,,Michigan,09-14-2020
472,Grand Valley State University,212,,,Ottawa,,Michigan,09-14-2020
473,Henry Ford College,5,1031.0,1058.0,Wayne,Wayne,Michigan,09-14-2020
474,Hope College,48,,,Ottawa,,Michigan,09-14-2020
475,Kettering University,3,3838.0,4145.0,Genesee,Genesee,Michigan,09-14-2020
476,Lake Superior State University,5,,,,,Michigan,09-14-2020
477,Lawrence Technological University,2,18281.0,19466.0,Oakland,Oakland,Michigan,09-14-2020
478,Michigan State University,179,,,Ingham,,Michigan,09-14-2020
479,Michigan Technological University,70,217.0,218.0,Houghton,Houghton,Michigan,09-14-2020
480,Northern Michigan University,48,278.0,289.0,Marquette,Marquette,Michigan,09-14-2020
481,Northwestern Michigan College,2,,,Grand Traverse,,Michigan,09-14-2020
482,Northwood University,3,508.0,519.0,Midland,Midland,Michigan,09-14-2020
483,Oakland University,10,18281.0,19466.0,Oakland,Oakland,Michigan,09-14-2020
484,Olivet College,5,,,Eaton,,Michigan,09-14-2020
485,Saginaw Valley State University,21,,,Bay,,Michigan,09-14-2020
486,Spring Arbor University,7,1358.0,1366.0,Jackson,Jackson,Michigan,09-14-2020
487,University of Detroit Mercy,5,1031.0,1058.0,Wayne,Wayne,Michigan,09-14-2020
488,University of Michigan,344,,,Washtenaw,,Michigan,09-14-2020
489,University of Michigan-Flint,2,3838.0,4145.0,Genesee,Genesee,Michigan,09-14-2020
490,Wayne State University,42,1031.0,1058.0,Wayne,Wayne,Michigan,09-14-2020
491,Western Michigan University,125,2235.0,2326.0,Kalamazoo,Kalamazoo,Michigan,09-14-2020
492,Augsburg University,4,5267.0,5396.0,Anoka,Anoka,Minnesota,09-14-2020
493,Bemidji State University,7,244.0,248.0,Beltrami,Polk,Minnesota,09-14-2020
494,Bethany Lutheran College,7,128.0,128.0,Blue Earth,Faribault,Minnesota,09-14-2020
495,Bethel University,3,662.0,679.0,Dakota,Winona,Minnesota,09-14-2020
496,Carleton College,7,5800.0,5862.0,Rice,Benton,Minnesota,09-14-2020
497,Gustavus Adolphus College,2,463.0,479.0,Nicollet,Nicollet,Minnesota,09-14-2020
498,Macalester College,6,,,,,Minnesota,09-14-2020
499,Martin Luther College,2,,,Brown,,Minnesota,09-14-2020
500,Metropolitan State University,15,662.0,679.0,Dakota,Winona,Minnesota,09-14-2020
501,Minnesota State University Moorhead,53,,,Clay,,Minnesota,09-14-2020
502,"Minnesota State University, Mankato",65,128.0,128.0,Blue Earth,Faribault,Minnesota,09-14-2020
503,Saint Mary's University of Minnesota,22,662.0,679.0,Winona,Winona,Minnesota,09-14-2020
504,Southwest Minnesota State University,5,,,Lyon,,Minnesota,09-14-2020
505,St. Cloud State University,1,,,,,Minnesota,09-14-2020
506,St. Olaf College,38,5800.0,5862.0,Rice,Benton,Minnesota,09-14-2020
507,University of Minnesota Twin Cities,124,5267.0,5396.0,Anoka,Anoka,Minnesota,09-14-2020
508,"University of Minnesota, Morris",2,,,Stevens,,Minnesota,09-14-2020
509,Winona State University,97,662.0,679.0,Winona,Winona,Minnesota,09-14-2020
510,Delta State University,89,,,Bolivar,,Mississippi,09-14-2020
511,Jackson State University,8,,,,,Mississippi,09-14-2020
512,Millsaps College,21,,,Hinds,,Mississippi,09-14-2020
513,Mississippi College,24,,,Hinds,,Mississippi,09-14-2020
514,Mississippi Delta Community College,19,1296.0,1338.0,Sunflower,Sunflower,Mississippi,09-14-2020
515,Mississippi State University,478,,,Oktibbeha,,Mississippi,09-14-2020
516,Mississippi University for Women*,24,,,Lowndes,,Mississippi,09-14-2020
517,Mississippi Valley State University,19,,,Leflore,,Mississippi,09-14-2020
518,Northeast Mississippi Community College,47,1162.0,1200.0,Prentiss,Jefferson Davis,Mississippi,09-14-2020
519,Rust College,1,,,Marshall,,Mississippi,09-14-2020
520,University of Mississippi,530,,,Lafayette,,Mississippi,09-14-2020
521,University of Southern Mississippi,136,,,Forrest,,Mississippi,09-14-2020
522,Central Methodist University,91,,,Howard,,Missouri,09-14-2020
523,College of the Ozarks,2,,,Taney,,Missouri,09-14-2020
524,Crowder College,30,,,Newton,,Missouri,09-14-2020
525,Drury University,60,,,Greene,,Missouri,09-14-2020
526,Evangel University,76,,,Greene,,Missouri,09-14-2020
527,Fontbonne University,3,,,Saint Louis,Saint Louis,Missouri,09-14-2020
528,Harris-Stowe State University,22,,,,,Missouri,09-14-2020
529,Lincoln University of Missouri,4,,,Cole,,Missouri,09-14-2020
530,Lindenwood University,14,,,,,Missouri,09-14-2020
531,Maryville University Saint Louis,40,,,,,Missouri,09-14-2020
532,Missouri Baptist University,23,,,,,Missouri,09-14-2020
533,Missouri Southern State University,32,199.0,203.0,Jasper,Jasper,Missouri,09-14-2020
534,Missouri State University,924,,,Greene,,Missouri,09-14-2020
535,Missouri University of Science and Technology,73,,,Phelps,,Missouri,09-14-2020
536,Missouri Western State University,24,,,,,Missouri,09-14-2020
537,Northwest Missouri State University,359,,,Nodaway,,Missouri,09-14-2020
538,Saint Louis University,78,,,,,Missouri,09-14-2020
539,Southeast Missouri State University,53,1307.0,1316.0,Cape Girardeau,Cape Girardeau,Missouri,09-14-2020
540,Southwest Baptist University,28,244.0,248.0,Polk,Polk,Missouri,09-14-2020
541,St. Louis College of Pharmacy*,7,,,,,Missouri,09-14-2020
542,St. Louis Community College,9,,,,,Missouri,09-14-2020
543,Stephens College,8,,,Boone,,Missouri,09-14-2020
544,Truman State University,58,,,Adair,,Missouri,09-14-2020
545,University of Central Missouri,2,,,Johnson,,Missouri,09-14-2020
546,University of Missouri,"1,178",,,Boone,,Missouri,09-14-2020
547,University of Missouri-Kansas City,56,,,Clay,,Missouri,09-14-2020
548,University of Missouri-St. Louis*,26,,,,,Missouri,09-14-2020
549,Washington University in St. Louis*,2,,,,,Missouri,09-14-2020
550,Webster University,29,,,Saint Louis,Saint Louis,Missouri,09-14-2020
551,Westminster College,48,,,Callaway,,Missouri,09-14-2020
552,William Jewell College,12,,,Clay,,Missouri,09-14-2020
553,William Woods University,28,,,Callaway,,Missouri,09-14-2020
554,Carroll College,5,,,Lewis And Clark,,Montana,09-14-2020
555,Montana State University,36,,,Gallatin,,Montana,09-14-2020
556,Chadron State College,42,,,Dawes,,Nebraska,09-14-2020
557,"Concordia University, Nebraska",53,1513.0,1518.0,Seward,Seward,Nebraska,09-14-2020
558,Creighton University,131,130.0,131.0,Douglas,Otoe,Nebraska,09-14-2020
559,Doane University,11,,,Saline,,Nebraska,09-14-2020
560,Hastings College,7,164.0,169.0,Adams,Gage,Nebraska,09-14-2020
561,Midland University,5,360.0,369.0,Dodge,Dodge,Nebraska,09-14-2020
562,Nebraska Wesleyan University,40,,,Lancaster,,Nebraska,09-14-2020
563,Peru State College,40,61.0,62.0,Nemaha,Nemaha,Nebraska,09-14-2020
564,University of Nebraska Medical Center*,16,130.0,131.0,Douglas,Otoe,Nebraska,09-14-2020
565,University of Nebraska at Kearney,68,,,Buffalo,,Nebraska,09-14-2020
566,University of Nebraska at Omaha,74,130.0,131.0,Douglas,Otoe,Nebraska,09-14-2020
567,University of Nebraska-Lincoln,504,,,Lancaster,,Nebraska,09-14-2020
568,Wayne State College,7,1031.0,1058.0,Wayne,Wayne,Nebraska,09-14-2020
569,College of Southern Nevada,49,,,Clark,,Nevada,09-14-2020
570,Nevada State College,10,,,Clark,,Nevada,09-14-2020
571,Truckee Meadows Community College,5,,,Washoe,,Nevada,09-14-2020
572,"University of Nevada, Las Vegas",87,,,Clark,,Nevada,09-14-2020
573,"University of Nevada, Reno",114,,,Washoe,,Nevada,09-14-2020
574,Dartmouth College,8,127.0,128.0,Grafton,Grafton,New Hampshire,09-14-2020
575,Franklin Pierce University,9,,,Cheshire,,New Hampshire,09-14-2020
576,New England College,10,39015.0,39600.0,Merrimack,Hillsborough,New Hampshire,09-14-2020
577,Plymouth State University,14,127.0,128.0,Grafton,Grafton,New Hampshire,09-14-2020
578,Saint Anselm College,2,39015.0,39600.0,Hillsborough,Hillsborough,New Hampshire,09-14-2020
579,University of New Hampshire,25,445.0,458.0,Strafford,Strafford,New Hampshire,09-14-2020
580,Bloomfield College,3,,,Essex,,New Jersey,09-14-2020
581,Caldwell University,1,,,Essex,,New Jersey,09-14-2020
582,Centenary University,1,80.0,85.0,Warren,Somerset,New Jersey,09-14-2020
583,Drew University,1,,,Morris,,New Jersey,09-14-2020
584,Fairleigh Dickinson University,5,,,Bergen,,New Jersey,09-14-2020
585,Fairleigh Dickinson University Florham,2,,,Morris,,New Jersey,09-14-2020
586,Kean University,4,776.0,801.0,Union,Union,New Jersey,09-14-2020
587,Monmouth University,3,,,Monmouth,,New Jersey,09-14-2020
588,Montclair State University,10,,,Essex,,New Jersey,09-14-2020
589,New Jersey City University,1,,,Hudson,,New Jersey,09-14-2020
590,New Jersey Institute of Technology,9,,,Essex,,New Jersey,09-14-2020
591,Princeton University,50,,,Mercer,,New Jersey,09-14-2020
592,Ramapo College of New Jersey,15,,,Bergen,,New Jersey,09-14-2020
593,Rider University,9,,,,,New Jersey,09-14-2020
594,Rowan University,67,,,Gloucester,,New Jersey,09-14-2020
595,Rutgers University,91,1331.0,1524.0,Middlesex,Middlesex,New Jersey,09-14-2020
596,Saint Peter's University,4,,,Hudson,,New Jersey,09-14-2020
597,Seton Hall University,10,,,Essex,,New Jersey,09-14-2020
598,Stevens Institute of Technology,10,,,Hudson,,New Jersey,09-14-2020
599,The College of New Jersey,51,,,Mercer,,New Jersey,09-14-2020
600,William Paterson University,1,17424.0,18673.0,Passaic,Passaic,New Jersey,09-14-2020
601,New Mexico Highlands University,7,2980.0,3031.0,San Miguel,Dona Ana,New Mexico,09-14-2020
602,New Mexico State University,52,2980.0,3031.0,Dona Ana,Dona Ana,New Mexico,09-14-2020
603,Santa Fe Community College,1,905.0,909.0,Santa Fe,Santa Fe,New Mexico,09-14-2020
604,University of New Mexico*,39,1254.0,1292.0,Bernalillo,Sandoval,New Mexico,09-14-2020
605,Western New Mexico University,11,,,Grant,,New Mexico,09-14-2020
606,Barnard College,1,,,,,New York,09-14-2020
607,CUNY Baruch College,32,,,,,New York,09-14-2020
608,CUNY Borough of Manhattan Community College,16,,,,,New York,09-14-2020
609,CUNY Bronx Community College,11,,,,,New York,09-14-2020
610,CUNY Brooklyn College,23,,,,,New York,09-14-2020
611,CUNY City College of New York,22,,,,,New York,09-14-2020
612,CUNY College of Staten Island,1,,,,,New York,09-14-2020
613,CUNY Guttman Community College,1,,,,,New York,09-14-2020
614,CUNY Hostos Community College,1,,,,,New York,09-14-2020
615,CUNY Hunter College,51,,,,,New York,09-14-2020
616,CUNY John Jay College of Criminal Justice,6,,,,,New York,09-14-2020
617,CUNY Kingsborough Community College,6,,,,,New York,09-14-2020
618,CUNY LaGuardia Community College,36,,,,,New York,09-14-2020
619,CUNY Lehman College,8,,,,,New York,09-14-2020
620,CUNY Medgar Evers College,1,,,,,New York,09-14-2020
621,CUNY New York City College of Technology,8,,,,,New York,09-14-2020
622,CUNY Queens College,18,,,,,New York,09-14-2020
623,CUNY Queensborough Community College,3,,,,,New York,09-14-2020
624,CUNY York College,35,,,,,New York,09-14-2020
625,Cazenovia College,2,6815.0,6880.0,Madison,Madison,New York,09-14-2020
626,Clarkson University,9,,,Saint Lawrence,,New York,09-14-2020
627,Colgate University,35,6815.0,6880.0,Madison,Madison,New York,09-14-2020
628,Columbia University,13,,,,,New York,09-14-2020
629,Concordia College New York,6,,,Westchester,,New York,09-14-2020
630,Cornell University,92,,,Tompkins,,New York,09-14-2020
631,Elmira College,2,248.0,251.0,Chemung,Chemung,New York,09-14-2020
632,Erie Community College,8,,,Erie,,New York,09-14-2020
633,Farmingdale State College,8,839.0,879.0,Nassau,Rensselaer,New York,09-14-2020
634,Finger Lakes Community College,2,1031.0,1058.0,Ontario,Wayne,New York,09-14-2020
635,Fordham University,4,,,,,New York,09-14-2020
636,Fulton-Montgomery Community College,1,387.0,390.0,Fulton,Oswego,New York,09-14-2020
637,Genesee Community College,1,,,Genesee,,New York,09-14-2020
638,Hartwick College,5,,,Otsego,,New York,09-14-2020
639,Herkimer County Community College,2,303.0,313.0,Herkimer,Herkimer,New York,09-14-2020
640,Hobart William Smith Colleges,5,1031.0,1058.0,Ontario,Wayne,New York,09-14-2020
641,Hofstra University,34,839.0,879.0,Nassau,Rensselaer,New York,09-14-2020
642,Houghton College,1,236.0,242.0,Allegany,Cattaraugus,New York,09-14-2020
643,Iona College,8,,,Westchester,,New York,09-14-2020
644,Ithaca College,5,,,Tompkins,,New York,09-14-2020
645,Le Moyne College,27,,,Onondaga,,New York,09-14-2020
646,Long Island University,1,,,,,New York,09-14-2020
647,Manhattan College,23,,,,,New York,09-14-2020
648,Marist College,2,,,Dutchess,,New York,09-14-2020
649,Mercy College,12,,,Westchester,,New York,09-14-2020
650,Mohawk Valley Community College,1,6815.0,6880.0,Oneida,Madison,New York,09-14-2020
651,Monroe Community College,8,49881.0,50974.0,Monroe,Orange,New York,09-14-2020
652,Nassau Community College,4,839.0,879.0,Nassau,Rensselaer,New York,09-14-2020
653,Nazareth College,8,49881.0,50974.0,Monroe,Orange,New York,09-14-2020
654,New York University,14,,,,,New York,09-14-2020
655,Pace University,8,29551.0,32728.0,New York,New York,New York,09-14-2020
656,Pratt Institute,2,,,,,New York,09-14-2020
657,Rensselaer Polytechnic Institute,3,2788.0,2921.0,Albany,Albany,New York,09-14-2020
658,Roberts Wesleyan College,4,49881.0,50974.0,Monroe,Orange,New York,09-14-2020
659,Rochester Institute of Technology,12,49881.0,50974.0,Monroe,Orange,New York,09-14-2020
660,Russell Sage College,1,2788.0,2921.0,Albany,Albany,New York,09-14-2020
661,SUNY Albany,12,2788.0,2921.0,Albany,Albany,New York,09-14-2020
662,SUNY Alfred State College of Technology,4,236.0,242.0,Allegany,Cattaraugus,New York,09-14-2020
663,SUNY Binghamton,31,,,Broome,,New York,09-14-2020
664,SUNY Brockport,2,49881.0,50974.0,Monroe,Orange,New York,09-14-2020
665,SUNY Broome Community College,4,,,Broome,,New York,09-14-2020
666,SUNY Buffalo State,21,,,Erie,,New York,09-14-2020
667,SUNY Canton,2,,,Saint Lawrence,,New York,09-14-2020
668,SUNY Cobleskill,3,82.0,82.0,Schoharie,Schoharie,New York,09-14-2020
669,SUNY College at Potsdam,11,,,Saint Lawrence,,New York,09-14-2020
670,SUNY College of Environmental Science and Forestry,2,,,Onondaga,,New York,09-14-2020
671,SUNY College of Optometry,1,,,,,New York,09-14-2020
672,SUNY Cortland,4,132.0,132.0,Cortland,Cortland,New York,09-14-2020
673,SUNY Delhi,2,,,Delaware,,New York,09-14-2020
674,SUNY Downstate Health Sciences University,13,,,,,New York,09-14-2020
675,SUNY Geneseo,5,327.0,345.0,Livingston,Columbia,New York,09-14-2020
676,SUNY Maritime College,7,,,,,New York,09-14-2020
677,SUNY New Paltz,40,,,Ulster,,New York,09-14-2020
678,SUNY Oneonta,597,,,Otsego,,New York,09-14-2020
679,SUNY Oswego,21,387.0,390.0,Oswego,Oswego,New York,09-14-2020
680,SUNY Plattsburgh,4,22.0,22.0,Clinton,Oneida,New York,09-14-2020
681,SUNY Polytechnic Institute,3,6815.0,6880.0,Oneida,Madison,New York,09-14-2020
682,SUNY Purchase College,12,,,Westchester,,New York,09-14-2020
683,SUNY University at Buffalo,43,,,Erie,,New York,09-14-2020
684,SUNY at Fredonia,72,13.0,13.0,Chautauqua,Chautauqua,New York,09-14-2020
685,Schenectady County Community College,2,1312.0,1357.0,Schenectady,Schenectady,New York,09-14-2020
686,Siena College,2,,,,,New York,09-14-2020
687,Skidmore College,2,,,Saratoga,,New York,09-14-2020
688,St. Bonaventure University,2,,,,,New York,09-14-2020
689,St. Francis College,2,,,,,New York,09-14-2020
690,St. John Fisher College,1,,,,,New York,09-14-2020
691,St. John's University,9,,,,,New York,09-14-2020
692,St. Joseph's College Long Island,1,,,Suffolk,,New York,09-14-2020
693,St. Lawrence University,2,,,Saint Lawrence,,New York,09-14-2020
694,St. Thomas Aquinas College,4,,,Rockland,,New York,09-14-2020
695,Stony Brook University,24,,,Suffolk,,New York,09-14-2020
696,Syracuse University,41,,,Onondaga,,New York,09-14-2020
697,The College of Saint Rose,1,2788.0,2921.0,Albany,Albany,New York,09-14-2020
698,"The Graduate Center, CUNY",1,,,,,New York,09-14-2020
699,The New School,2,,,,,New York,09-14-2020
700,Tompkins Cortland Community College,6,,,Tompkins,,New York,09-14-2020
701,Ulster County Community College,1,,,Ulster,,New York,09-14-2020
702,United States Merchant Marine Academy,3,,,,,New York,09-14-2020
703,United States Military Academy West Point,109,,,Orange,,New York,09-14-2020
704,University of Rochester,14,49881.0,50974.0,Monroe,Orange,New York,09-14-2020
705,Upstate Medical University*,45,,,Onondaga,,New York,09-14-2020
706,Utica College,4,6815.0,6880.0,Oneida,Madison,New York,09-14-2020
707,Vassar College,24,,,Dutchess,,New York,09-14-2020
708,Wagner College,3,,,,,New York,09-14-2020
709,Yeshiva University,2,,,,,New York,09-14-2020
710,Appalachian State University,308,,,Watauga,,North Carolina,09-14-2020
711,Belmont Abbey College,62,370.0,387.0,Gaston,Northampton,North Carolina,09-14-2020
712,Brevard College,1,,,Transylvania,,North Carolina,09-14-2020
713,Campbell University,14,,,,,North Carolina,09-14-2020
714,Carolinas College of Health Sciences*,2,,,Mecklenburg,,North Carolina,09-14-2020
715,Catawba College,3,,,Rowan,,North Carolina,09-14-2020
716,Davidson College,17,,,Mecklenburg,,North Carolina,09-14-2020
717,Duke University,78,7230.0,7318.0,Durham,Durham,North Carolina,09-14-2020
718,Durham Technical Community College,3,7230.0,7318.0,Durham,Durham,North Carolina,09-14-2020
719,East Carolina University,"1,205",,,Pitt,,North Carolina,09-14-2020
720,Elizabeth City State University,13,,,Pasquotank,,North Carolina,09-14-2020
721,Elon University,35,3525.0,3573.0,Alamance,Alamance,North Carolina,09-14-2020
722,Fayetteville State University,74,178.0,182.0,Cumberland,Cumberland,North Carolina,09-14-2020
723,Gardner-Webb University,50,187.0,188.0,Cleveland,Rowan,North Carolina,09-14-2020
724,Greensboro College,8,,,Caswell,,North Carolina,09-14-2020
725,Guilford College,10,,,Caswell,,North Carolina,09-14-2020
726,High Point University,153,,,Guilford,,North Carolina,09-14-2020
727,Johnson C Smith University,1,,,Mecklenburg,,North Carolina,09-14-2020
728,Lees-McRae College,1,,,Avery,,North Carolina,09-14-2020
729,Lenoir-Rhyne University,9,2794.0,2842.0,Catawba,Catawba,North Carolina,09-14-2020
730,Meredith College,35,,,Wake,,North Carolina,09-14-2020
731,Methodist University,15,178.0,182.0,Cumberland,Cumberland,North Carolina,09-14-2020
732,North Carolina A&T State University,44,,,Caswell,,North Carolina,09-14-2020
733,North Carolina Central University,40,7230.0,7318.0,Durham,Durham,North Carolina,09-14-2020
734,North Carolina State University,996,,,Wake,,North Carolina,09-14-2020
735,North Carolina Wesleyan College,7,,,Edgecombe,,North Carolina,09-14-2020
736,Pfeiffer University,2,,,Stanly,,North Carolina,09-14-2020
737,Shaw University,3,,,Wake,,North Carolina,09-14-2020
738,University of Mount Olive,1,,,Wayne,,North Carolina,09-14-2020
739,University of North Carolina Asheville,12,,,Buncombe,,North Carolina,09-14-2020
740,University of North Carolina School of the Arts,4,,,Forsyth,,North Carolina,09-14-2020
741,University of North Carolina Wilmington,255,,,New Hanover,,North Carolina,09-14-2020
742,University of North Carolina at Chapel Hill,"1,152",,,Orange,,North Carolina,09-14-2020
743,University of North Carolina at Charlotte,56,,,Mecklenburg,,North Carolina,09-14-2020
744,University of North Carolina at Greensboro,63,,,Caswell,,North Carolina,09-14-2020
745,University of North Carolina at Pembroke,221,,,Robeson,,North Carolina,09-14-2020
746,Wake Forest University,56,,,,,North Carolina,09-14-2020
747,Wake Technical Community College,14,,,Wake,,North Carolina,09-14-2020
748,Western Carolina University,119,370.0,387.0,Jackson,Northampton,North Carolina,09-14-2020
749,William Peace University,4,,,Wake,,North Carolina,09-14-2020
750,Wingate University,5,,,Union,,North Carolina,09-14-2020
751,Winston-Salem State University,28,,,,,North Carolina,09-14-2020
752,Bismarck State College,55,,,Burleigh,,North Dakota,09-14-2020
753,Dakota College at Bottineau,1,34.0,34.0,Bottineau,Bottineau,North Dakota,09-14-2020
754,Dickinson State University,47,,,Stark,,North Dakota,09-14-2020
755,Mayville State University,4,,,Traill,,North Dakota,09-14-2020
756,Minot State University,6,,,Ward,,North Dakota,09-14-2020
757,North Dakota State College of Science,6,,,Richland,,North Dakota,09-14-2020
758,North Dakota State University,162,,,Cass,,North Dakota,09-14-2020
759,University of North Dakota,629,1922.0,1934.0,Grand Forks,Grand Forks,North Dakota,09-14-2020
760,Valley City State University,27,,,Barnes,,North Dakota,09-14-2020
761,Williston State College,27,,,Williams,,North Dakota,09-14-2020
762,Baldwin Wallace University,24,,,Cuyahoga,,Ohio,09-14-2020
763,Bowling Green State University,43,,,Wood,,Ohio,09-14-2020
764,Bowling Green State University Firelands,1,,,Erie,,Ohio,09-14-2020
765,Case Western Reserve University,25,,,Cuyahoga,,Ohio,09-14-2020
766,Cedarville University,3,,,Greene,,Ohio,09-14-2020
767,Cleveland State University,1,,,Cuyahoga,,Ohio,09-14-2020
768,Columbus College of Art and Design,1,1688.0,1747.0,Delaware,Delaware,Ohio,09-14-2020
769,Denison University,5,,,Licking,,Ohio,09-14-2020
770,Franciscan University of Steubenville,7,587.0,634.0,Jefferson,Ashtabula,Ohio,09-14-2020
771,Heidelberg University,7,,,Seneca,,Ohio,09-14-2020
772,Hiram College,9,1488.0,1553.0,Portage,Wood,Ohio,09-14-2020
773,Kent State University,57,1488.0,1553.0,Portage,Wood,Ohio,09-14-2020
774,Lake Erie College,3,,,Lake,,Ohio,09-14-2020
775,Marietta College,2,,,Washington,,Ohio,09-14-2020
776,Miami University Oxford,836,113.0,117.0,Butler,Richland,Ohio,09-14-2020
777,Mount Saint Joseph University,1,,,Clermont,,Ohio,09-14-2020
778,Northeast Ohio Medical University*,9,1488.0,1553.0,Portage,Wood,Ohio,09-14-2020
779,Oberlin College,6,2126.0,2211.0,Lorain,Lorain,Ohio,09-14-2020
780,Ohio Dominican University,26,1688.0,1747.0,Delaware,Delaware,Ohio,09-14-2020
781,Ohio Northern University,14,,,Hardin,,Ohio,09-14-2020
782,Ohio State University,"1,528",1688.0,1747.0,Delaware,Delaware,Ohio,09-14-2020
783,Ohio University,27,530.0,532.0,Athens,Athens,Ohio,09-14-2020
784,Ohio Wesleyan University,30,1688.0,1747.0,Delaware,Delaware,Ohio,09-14-2020
785,Otterbein University,9,1688.0,1747.0,Delaware,Delaware,Ohio,09-14-2020
786,Shawnee State University,8,,,Scioto,,Ohio,09-14-2020
787,Sinclair Community College,10,,,Greene,,Ohio,09-14-2020
788,The College of Wooster,7,1488.0,1553.0,Wayne,Wood,Ohio,09-14-2020
789,Tiffin University,2,,,Seneca,,Ohio,09-14-2020
790,University of Akron,9,,,Summit,,Ohio,09-14-2020
791,University of Cincinnati,157,,,Clermont,,Ohio,09-14-2020
792,University of Dayton,"1,141",,,Greene,,Ohio,09-14-2020
793,University of Mount Union,8,,,Stark,,Ohio,09-14-2020
794,University of Toledo,219,113.0,117.0,Lucas,Richland,Ohio,09-14-2020
795,Ursuline College,3,,,,,Ohio,09-14-2020
796,Walsh University,17,,,Stark,,Ohio,09-14-2020
797,Wilmington College,3,372.0,376.0,Clinton,Summit,Ohio,09-14-2020
798,Wittenberg University,39,,,Clark,,Ohio,09-14-2020
799,Wright State University,9,,,Greene,,Ohio,09-14-2020
800,Xavier University,41,,,Clermont,,Ohio,09-14-2020
801,Youngstown State University,10,,,Mahoning,,Ohio,09-14-2020
802,Cameron University,17,896.0,927.0,Comanche,Stephens,Oklahoma,09-14-2020
803,East Central University,3,,,Pontotoc,,Oklahoma,09-14-2020
804,Northern Oklahoma College,25,,,Kay,,Oklahoma,09-14-2020
805,Northwestern Oklahoma State University,16,,,Woods,,Oklahoma,09-14-2020
806,Oklahoma Christian University,53,,,Oklahoma,,Oklahoma,09-14-2020
807,Oklahoma City University,4,317.0,318.0,Cleveland,Pawnee,Oklahoma,09-14-2020
808,Oklahoma State University,727,,,Payne,,Oklahoma,09-14-2020
809,Oklahoma State University Institute of Technology,18,714.0,719.0,Okmulgee,Okmulgee,Oklahoma,09-14-2020
810,Oklahoma State University-Oklahoma City,1,317.0,318.0,Cleveland,Pawnee,Oklahoma,09-14-2020
811,Oral Roberts University,1,,,Creek,,Oklahoma,09-14-2020
812,Southeastern Oklahoma State University,42,,,Bryan,,Oklahoma,09-14-2020
813,Southwestern Oklahoma State University,51,,,Custer,,Oklahoma,09-14-2020
814,University of Central Oklahoma,76,,,Oklahoma,,Oklahoma,09-14-2020
815,University of Oklahoma,326,317.0,318.0,Cleveland,Pawnee,Oklahoma,09-14-2020
816,University of Science and Arts of Oklahoma,1,,,Grady,,Oklahoma,09-14-2020
817,University of Tulsa,13,,,Creek,,Oklahoma,09-14-2020
818,Eastern Oregon University,3,776.0,801.0,Union,Union,Oregon,09-14-2020
819,Lane Community College,1,,,Lane,,Oregon,09-14-2020
820,Lewis & Clark College,3,2092.0,2151.0,Clackamas,Clackamas,Oregon,09-14-2020
821,Linfield University,1,,,,,Oregon,09-14-2020
822,Oregon Health & Science University*,112,2092.0,2151.0,Clackamas,Clackamas,Oregon,09-14-2020
823,Oregon Institute of Technology,6,,,Klamath,,Oregon,09-14-2020
824,Oregon State University,3,,,Benton,,Oregon,09-14-2020
825,Pacific University,1,,,Washington,,Oregon,09-14-2020
826,Portland State University,2,2092.0,2151.0,Clackamas,Clackamas,Oregon,09-14-2020
827,Reed College,8,2092.0,2151.0,Clackamas,Clackamas,Oregon,09-14-2020
828,Southern Oregon University,2,,,Jackson,,Oregon,09-14-2020
829,University of Oregon,54,,,Lane,,Oregon,09-14-2020
830,Western Oregon University,1,,,,,Oregon,09-14-2020
831,Willamette University,4,,,Marion,,Oregon,09-14-2020
832,Albright College,1,,,Berks,,Pennsylvania,09-14-2020
833,Allegheny College,24,,,Crawford,,Pennsylvania,09-14-2020
834,Bloomsburg University of Pennsylvania,267,5164.0,5186.0,Columbia,Lancaster,Pennsylvania,09-14-2020
835,Bryn Mawr College,1,,,Delaware,,Pennsylvania,09-14-2020
836,Bucknell University,13,,,Union,,Pennsylvania,09-14-2020
837,California University of Pennsylvania,4,496.0,509.0,Washington,Washington,Pennsylvania,09-14-2020
838,Carnegie Mellon University,9,,,Allegheny,,Pennsylvania,09-14-2020
839,Clarion University of Pennsylvania,1,109.0,112.0,Clarion,Clarion,Pennsylvania,09-14-2020
840,Drexel University,8,,,Delaware,,Pennsylvania,09-14-2020
841,Duquesne University,6,,,Allegheny,,Pennsylvania,09-14-2020
842,East Stroudsburg University,3,,,Monroe,,Pennsylvania,09-14-2020
843,Edinboro University,1,9987.0,10668.0,Erie,Erie,Pennsylvania,09-14-2020
844,Elizabethtown College,7,5164.0,5186.0,Lancaster,Lancaster,Pennsylvania,09-14-2020
845,Franklin and Marshall College,5,5164.0,5186.0,Lancaster,Lancaster,Pennsylvania,09-14-2020
846,Gannon University,16,9987.0,10668.0,Erie,Erie,Pennsylvania,09-14-2020
847,Geneva College,6,46.0,46.0,Beaver,Beaver,Pennsylvania,09-14-2020
848,Gettysburg College,35,,,Adams,,Pennsylvania,09-14-2020
849,Haverford College,2,565.0,588.0,Montgomery,Lycoming,Pennsylvania,09-14-2020
850,Holy Family University,1,,,Delaware,,Pennsylvania,09-14-2020
851,Immaculata University,1,1688.0,1747.0,Chester,Delaware,Pennsylvania,09-14-2020
852,Indiana University of Pennsylvania,4,523.0,534.0,Indiana,Indiana,Pennsylvania,09-14-2020
853,Juniata College,7,,,,,Pennsylvania,09-14-2020
854,Keystone College,3,,,Lackawanna,,Pennsylvania,09-14-2020
855,King's College,6,,,,,Pennsylvania,09-14-2020
856,Kutztown University,123,,,Berks,,Pennsylvania,09-14-2020
857,La Salle University,5,,,Delaware,,Pennsylvania,09-14-2020
858,Lafayette College,6,370.0,387.0,Northampton,Northampton,Pennsylvania,09-14-2020
859,Lancaster Bible College,1,5164.0,5186.0,Lancaster,Lancaster,Pennsylvania,09-14-2020
860,Lock Haven University,2,46.0,46.0,Clinton,Beaver,Pennsylvania,09-14-2020
861,Lycoming College,2,,,Lycoming,,Pennsylvania,09-14-2020
862,Mansfield University of Pennsylvania,3,196.0,221.0,Tioga,Tioga,Pennsylvania,09-14-2020
863,Marywood University,1,,,Lackawanna,,Pennsylvania,09-14-2020
864,Messiah University,7,,,Cumberland,,Pennsylvania,09-14-2020
865,Millersville University of Pennsylvania,15,5164.0,5186.0,Lancaster,Lancaster,Pennsylvania,09-14-2020
866,Misericordia University,2,3762.0,3951.0,Luzerne,Luzerne,Pennsylvania,09-14-2020
867,Moravian College,1,,,Lehigh,,Pennsylvania,09-14-2020
868,Mount Aloysius College,2,,,Cambria,,Pennsylvania,09-14-2020
869,Muhlenberg College,1,,,Lehigh,,Pennsylvania,09-14-2020
870,Penn State University,322,,,Centre,,Pennsylvania,09-14-2020
871,Penn State University Abington,1,565.0,588.0,Montgomery,Lycoming,Pennsylvania,09-14-2020
872,Penn State University Behrend,1,9987.0,10668.0,Erie,Erie,Pennsylvania,09-14-2020
873,Penn State University College of Medicine,6,3411.0,3580.0,Dauphin,Dauphin,Pennsylvania,09-14-2020
874,Penn State University Harrisburg,1,3411.0,3580.0,Dauphin,Dauphin,Pennsylvania,09-14-2020
875,Pennsylvania College of Technology,11,,,Lycoming,,Pennsylvania,09-14-2020
876,Robert Morris University,6,,,,,Pennsylvania,09-14-2020
877,Saint Francis University,2,,,Cambria,,Pennsylvania,09-14-2020
878,Saint Joseph's University,32,,,Delaware,,Pennsylvania,09-14-2020
879,Shippensburg University of Pennsylvania,13,,,Cumberland,,Pennsylvania,09-14-2020
880,Slippery Rock University of Pennsylvania,45,830.0,867.0,Butler,Butler,Pennsylvania,09-14-2020
881,Swarthmore College,2,,,Delaware,,Pennsylvania,09-14-2020
882,Temple University,364,,,Delaware,,Pennsylvania,09-14-2020
883,Thiel College,1,113.0,118.0,Mercer,Mercer,Pennsylvania,09-14-2020
884,University of Pennsylvania,270,,,Delaware,,Pennsylvania,09-14-2020
885,University of Pittsburgh,195,,,Allegheny,,Pennsylvania,09-14-2020
886,University of Scranton,40,,,Lackawanna,,Pennsylvania,09-14-2020
887,Ursinus College,4,565.0,588.0,Montgomery,Lycoming,Pennsylvania,09-14-2020
888,Villanova University,49,,,Delaware,,Pennsylvania,09-14-2020
889,West Chester University,35,1688.0,1747.0,Chester,Delaware,Pennsylvania,09-14-2020
890,Westminster College,3,496.0,509.0,Lawrence,Washington,Pennsylvania,09-14-2020
891,Wilkes University,6,,,,,Pennsylvania,09-14-2020
892,York College of Pennsylvania,5,982.0,997.0,York,York,Pennsylvania,09-14-2020
893,University of Puerto Rico at Cayey,1,302.0,302.0,Cayey,Cayey,Puerto Rico,09-14-2020
894,Brown University,10,17500.0,17500.0,Providence,Providence,Rhode Island,09-14-2020
895,Bryant University,10,17500.0,17500.0,Providence,Providence,Rhode Island,09-14-2020
896,Providence College,8,17500.0,17500.0,Providence,Providence,Rhode Island,09-14-2020
897,Rhode Island College,2,17500.0,17500.0,Providence,Providence,Rhode Island,09-14-2020
898,Rhode Island School of Design,2,17500.0,17500.0,Providence,Providence,Rhode Island,09-14-2020
899,Roger Williams University,9,8869.0,9543.0,Bristol,Bristol,Rhode Island,09-14-2020
900,Salve Regina University,1,476.0,476.0,Newport,Newport,Rhode Island,09-14-2020
901,University of Rhode Island,20,,,Washington,,Rhode Island,09-14-2020
902,Anderson University,8,54.0,54.0,Anderson,Anderson,South Carolina,09-14-2020
903,Charleston Southern University,23,,,Berkeley,,South Carolina,09-14-2020
904,Claflin University,1,2871.0,2991.0,Orangeburg,Orangeburg,South Carolina,09-14-2020
905,Clemson University,782,557.0,569.0,Pickens,Pickens,South Carolina,09-14-2020
906,Coastal Carolina University,122,,,Horry,,South Carolina,09-14-2020
907,Coker University,3,1799.0,1847.0,Darlington,Darlington,South Carolina,09-14-2020
908,College of Charleston,79,,,Berkeley,,South Carolina,09-14-2020
909,Furman University,48,13045.0,13328.0,Greenville,Greenville,South Carolina,09-14-2020
910,Greenville Technical College,99,13045.0,13328.0,Greenville,Greenville,South Carolina,09-14-2020
911,Limestone College,1,,,Cherokee,,South Carolina,09-14-2020
912,Medical University of South Carolina*,1,,,Berkeley,,South Carolina,09-14-2020
913,North Greenville University,4,13045.0,13328.0,Greenville,Greenville,South Carolina,09-14-2020
914,Presbyterian College,20,1446.0,1502.0,Laurens,Laurens,South Carolina,09-14-2020
915,Southern Wesleyan University,6,557.0,569.0,Pickens,Pickens,South Carolina,09-14-2020
916,The Citadel,108,,,Berkeley,,South Carolina,09-14-2020
917,University of South Carolina,"1,904",6293.0,6444.0,Lexington,Lexington,South Carolina,09-14-2020
918,University of South Carolina Aiken,25,2449.0,2525.0,Aiken,Aiken,South Carolina,09-14-2020
919,University of South Carolina Beaufort,12,,,,,South Carolina,09-14-2020
920,University of South Carolina Upstate,22,5815.0,5996.0,Spartanburg,Spartanburg,South Carolina,09-14-2020
921,Winthrop University,20,982.0,997.0,York,York,South Carolina,09-14-2020
922,Wofford College,18,5815.0,5996.0,Spartanburg,Spartanburg,South Carolina,09-14-2020
923,Augustana University,41,,,Lincoln,,South Dakota,09-14-2020
924,Black Hills State University,12,,,Lawrence,,South Dakota,09-14-2020
925,Dakota State University,7,,,Lake,,South Dakota,09-14-2020
926,Mount Marty College,21,296.0,299.0,Yankton,Yankton,South Dakota,09-14-2020
927,Northern State University,45,,,Brown,,South Dakota,09-14-2020
928,South Dakota School of Mines and Technology,16,,,Pennington,,South Dakota,09-14-2020
929,South Dakota State University,91,599.0,600.0,Brookings,Brookings,South Dakota,09-14-2020
930,University of South Dakota,242,,,Clay,,South Dakota,09-14-2020
931,Austin Peay State University,86,,,Montgomery,,Tennessee,09-14-2020
932,Bethel University,58,,,,,Tennessee,09-14-2020
933,Chattanooga State Community College,31,,,Hamilton,,Tennessee,09-14-2020
934,Christian Brothers University,12,,,Shelby,,Tennessee,09-14-2020
935,Cleveland State Community College,14,,,Bradley,,Tennessee,09-14-2020
936,Columbia State Community College,26,,,Maury,,Tennessee,09-14-2020
937,Dyersburg State Community College,16,394.0,398.0,Dyer,Gibson,Tennessee,09-14-2020
938,East Tennessee State University,150,,,Washington,,Tennessee,09-14-2020
939,Jackson State Community College,24,2419.0,2452.0,Madison,Davidson,Tennessee,09-14-2020
940,Lincoln Memorial University,49,,,Claiborne,,Tennessee,09-14-2020
941,Lipscomb University,78,,,Davidson,,Tennessee,09-14-2020
942,Middle Tennessee State University,153,394.0,398.0,Rutherford,Gibson,Tennessee,09-14-2020
943,Milligan University,11,,,Carter,,Tennessee,09-14-2020
944,Motlow State Community College,22,,,Coffee,,Tennessee,09-14-2020
945,Nashville State Community College,26,,,Davidson,,Tennessee,09-14-2020
946,Northeast State Community College,22,,,Sullivan,,Tennessee,09-14-2020
947,Pellissippi State Community College,14,,,Knox,,Tennessee,09-14-2020
948,Rhodes College,1,,,Shelby,,Tennessee,09-14-2020
949,Roane State Community College,26,,,Roane,,Tennessee,09-14-2020
950,Southwest Tennessee Community College,8,,,Shelby,,Tennessee,09-14-2020
951,Tennessee College of Applied Technology-Athens,4,,,Mcminn,,Tennessee,09-14-2020
952,Tennessee College of Applied Technology-Covington,4,192.0,214.0,Tipton,Tipton,Tennessee,09-14-2020
953,Tennessee College of Applied Technology-Crossville,17,,,Cumberland,,Tennessee,09-14-2020
954,Tennessee College of Applied Technology-Crump,11,,,Hardin,,Tennessee,09-14-2020
955,Tennessee College of Applied Technology-Dickson,20,1119.0,1131.0,Dickson,Dickson,Tennessee,09-14-2020
956,Tennessee College of Applied Technology-Elizabethton,8,,,Carter,,Tennessee,09-14-2020
957,Tennessee College of Applied Technology-Harriman,3,,,Roane,,Tennessee,09-14-2020
958,Tennessee College of Applied Technology-Hartsville,4,,,Trousdale,,Tennessee,09-14-2020
959,Tennessee College of Applied Technology-Jacksboro,4,,,Campbell,,Tennessee,09-14-2020
960,Tennessee College of Applied Technology-Jackson,3,2419.0,2452.0,Madison,Davidson,Tennessee,09-14-2020
961,Tennessee College of Applied Technology-Knoxville,5,,,Knox,,Tennessee,09-14-2020
962,Tennessee College of Applied Technology-Livingston,12,,,Overton,,Tennessee,09-14-2020
963,Tennessee College of Applied Technology-McKenzie,3,,,,,Tennessee,09-14-2020
964,Tennessee College of Applied Technology-McMinnville,5,,,,,Tennessee,09-14-2020
965,Tennessee College of Applied Technology-Memphis,2,,,Shelby,,Tennessee,09-14-2020
966,Tennessee College of Applied Technology-Morristown,7,,,Hamblen,,Tennessee,09-14-2020
967,Tennessee College of Applied Technology-Murfreesboro,11,394.0,398.0,Rutherford,Gibson,Tennessee,09-14-2020
968,Tennessee College of Applied Technology-Nashville,9,,,Davidson,,Tennessee,09-14-2020
969,Tennessee College of Applied Technology-Newbern,13,394.0,398.0,Dyer,Gibson,Tennessee,09-14-2020
970,Tennessee College of Applied Technology-Oneida/Huntsville,2,,,Scott,,Tennessee,09-14-2020
971,Tennessee College of Applied Technology-Paris,2,359.0,362.0,Henry,Henry,Tennessee,09-14-2020
972,Tennessee College of Applied Technology-Pulaski,3,,,Giles,,Tennessee,09-14-2020
973,Tennessee College of Applied Technology-Ripley,11,,,Lauderdale,,Tennessee,09-14-2020
974,Tennessee College of Applied Technology-Shelbyville,2,,,Bedford,,Tennessee,09-14-2020
975,Tennessee College of Applied Technology-Whiteville,12,,,Hardeman,,Tennessee,09-14-2020
976,Tennessee State University,1,,,Davidson,,Tennessee,09-14-2020
977,Tennessee Technological University,52,,,Putnam,,Tennessee,09-14-2020
978,The University of the South,21,1156.0,1183.0,Franklin,Williamson,Tennessee,09-14-2020
979,Trevecca Nazarene University,5,,,Davidson,,Tennessee,09-14-2020
980,Tusculum University,5,,,,,Tennessee,09-14-2020
981,Union University,14,2419.0,2452.0,Madison,Davidson,Tennessee,09-14-2020
982,University of Memphis,16,,,Shelby,,Tennessee,09-14-2020
983,University of Tennessee Health Science Center*,131,,,Shelby,,Tennessee,09-14-2020
984,University of Tennessee at Chattanooga,315,,,Hamilton,,Tennessee,09-14-2020
985,University of Tennessee at Martin,55,,,Weakley,,Tennessee,09-14-2020
986,"University of Tennessee, Knoxville",957,,,Knox,,Tennessee,09-14-2020
987,Vanderbilt University,149,,,Davidson,,Tennessee,09-14-2020
988,Volunteer State Community College,34,,,Sumner,,Tennessee,09-14-2020
989,Walters State Community College,9,,,Hamblen,,Tennessee,09-14-2020
990,Abilene Christian University,39,1156.0,1183.0,Taylor,Williamson,Texas,09-14-2020
991,Angelo State University,48,,,Tom Green,,Texas,09-14-2020
992,Austin College,31,,,Grayson,,Texas,09-14-2020
993,Austin Community College District,12,,,Hays,,Texas,09-14-2020
994,Baylor University,955,,,Mclennan,,Texas,09-14-2020
995,Brazosport College,1,,,,,Texas,09-14-2020
996,East Texas Baptist University,1,,,Harrison,,Texas,09-14-2020
997,Galveston College,4,11136.0,11301.0,Galveston,Galveston,Texas,09-14-2020
998,Grayson College,6,,,,,Texas,09-14-2020
999,Hardin-Simmons University,3,1156.0,1183.0,Taylor,Williamson,Texas,09-14-2020
1000,Hill College,4,,,Hill,,Texas,09-14-2020
1001,Houston Baptist University,2,,,Fort Bend,,Texas,09-14-2020
1002,Lamar University,95,760.0,787.0,Jefferson,Marion,Texas,09-14-2020
1003,Lubbock Christian University,9,9541.0,9649.0,Lubbock,Lubbock,Texas,09-14-2020
1004,McLennan Community College,39,,,Mclennan,,Texas,09-14-2020
1005,McMurry University,3,1156.0,1183.0,Taylor,Williamson,Texas,09-14-2020
1006,Midland College,12,508.0,519.0,Midland,Midland,Texas,09-14-2020
1007,Midwestern State University,22,,,Wichita,,Texas,09-14-2020
1008,Odessa College,13,539.0,548.0,Ector,Fannin,Texas,09-14-2020
1009,Prairie View A&M University,121,743.0,764.0,Waller,Harris,Texas,09-14-2020
1010,Rice University,85,,,Fort Bend,,Texas,09-14-2020
1011,Saint Edward's University,1,,,Hays,,Texas,09-14-2020
1012,Sam Houston State University,259,,,Walker,,Texas,09-14-2020
1013,Schreiner University,2,,,,,Texas,09-14-2020
1014,South Texas College,75,,,,,Texas,09-14-2020
1015,Southern Methodist University,207,,,Collin,,Texas,09-14-2020
1016,Southwestern University,5,,,Williamson,,Texas,09-14-2020
1017,St. Mary's University,15,,,Bexar,,Texas,09-14-2020
1018,Stephen F. Austin State University,108,1407.0,1465.0,Nacogdoches,Nacogdoches,Texas,09-14-2020
1019,Sul Ross State University,1,,,Brewster,,Texas,09-14-2020
1020,Tarleton State University,207,,,Erath,,Texas,09-14-2020
1021,Texas A&M International University,52,,,Webb,,Texas,09-14-2020
1022,Texas A&M University,"1,042",,,Brazos,,Texas,09-14-2020
1023,Texas A&M University-Central Texas,10,,,,,Texas,09-14-2020
1024,Texas A&M University-Commerce,101,434.0,444.0,Hunt,Kerr,Texas,09-14-2020
1025,Texas A&M University-Corpus Christi,89,,,Nueces,,Texas,09-14-2020
1026,Texas A&M University-Kingsville,66,,,Kleberg,,Texas,09-14-2020
1027,Texas A&M University-San Antonio,42,,,Bexar,,Texas,09-14-2020
1028,Texas A&M University-Texarkana,12,154.0,157.0,Bowie,Montague,Texas,09-14-2020
1029,Texas Christian University,"1,031",,,Tarrant,,Texas,09-14-2020
1030,Texas College,1,,,Smith,,Texas,09-14-2020
1031,Texas Lutheran University,6,,,Guadalupe,,Texas,09-14-2020
1032,Texas Southern University,1,,,Fort Bend,,Texas,09-14-2020
1033,Texas State University,354,,,Hays,,Texas,09-14-2020
1034,Texas Tech University,"1,020",9541.0,9649.0,Lubbock,Lubbock,Texas,09-14-2020
1035,Texas Tech University Health Sciences Center*,194,9541.0,9649.0,Lubbock,Lubbock,Texas,09-14-2020
1036,Texas Tech University Health Sciences Center El Paso*,84,6246.0,6406.0,El Paso,El Paso,Texas,09-14-2020
1037,Texas Wesleyan University,19,,,Tarrant,,Texas,09-14-2020
1038,Texas Woman’s University,18,10988.0,11130.0,Denton,Denton,Texas,09-14-2020
1039,Trinity University,12,,,,,Texas,09-14-2020
1040,Tyler Junior College,49,,,Smith,,Texas,09-14-2020
1041,University of Dallas,4,12115.0,12239.0,Dallas,Collin,Texas,09-14-2020
1042,University of Houston,192,,,Fort Bend,,Texas,09-14-2020
1043,University of Houston-Clear Lake,41,,,Fort Bend,,Texas,09-14-2020
1044,University of Houston-Downtown,74,,,Fort Bend,,Texas,09-14-2020
1045,University of Houston-Victoria,17,3839.0,3925.0,Victoria,Victoria,Texas,09-14-2020
1046,University of Mary Hardin at Baylor,25,,,Bell,,Texas,09-14-2020
1047,University of North Texas,59,10988.0,11130.0,Denton,Denton,Texas,09-14-2020
1048,University of North Texas Health Science Center,2,,,Tarrant,,Texas,09-14-2020
1049,University of St. Thomas,2,,,Fort Bend,,Texas,09-14-2020
1050,University of Texas Health Science Center at San Antonio*,214,,,Bexar,,Texas,09-14-2020
1051,University of Texas Health Science Center at Tyler*,25,,,Smith,,Texas,09-14-2020
1052,University of Texas Permian Basin,21,539.0,548.0,Ector,Fannin,Texas,09-14-2020
1053,University of Texas Rio Grande Valley,108,96.0,98.0,Hidalgo,Hidalgo,Texas,09-14-2020
1054,University of Texas Southwestern Medical Center*,265,,,Collin,,Texas,09-14-2020
1055,University of Texas at Arlington,32,,,Tarrant,,Texas,09-14-2020
1056,University of Texas at Austin,645,,,Hays,,Texas,09-14-2020
1057,University of Texas at Dallas,25,,,Collin,,Texas,09-14-2020
1058,University of Texas at El Paso,103,6246.0,6406.0,El Paso,El Paso,Texas,09-14-2020
1059,University of Texas at San Antonio,8,,,Bexar,,Texas,09-14-2020
1060,University of the Incarnate Word,4,,,Bexar,,Texas,09-14-2020
1061,Wayland Baptist University,51,,,Hale,,Texas,09-14-2020
1062,West Texas A&M University,38,,,Randall,,Texas,09-14-2020
1063,Brigham Young University,349,,,Utah,,Utah,09-14-2020
1064,Dixie State University,28,,,,,Utah,09-14-2020
1065,Salt Lake Community College,54,,,Salt Lake,,Utah,09-14-2020
1066,Snow College,6,,,Sanpete,,Utah,09-14-2020
1067,Southern Utah University,9,,,Iron,,Utah,09-14-2020
1068,University of Utah,284,,,Salt Lake,,Utah,09-14-2020
1069,Utah State University,166,,,Cache,,Utah,09-14-2020
1070,Utah Valley University,120,,,Utah,,Utah,09-14-2020
1071,Weber State University,42,,,Weber,,Utah,09-14-2020
1072,Westminster College,12,,,Salt Lake,,Utah,09-14-2020
1073,Bennington College,3,108.0,109.0,Bennington,Bennington,Vermont,09-14-2020
1074,Castleton University,2,127.0,128.0,Rutland,Rutland,Vermont,09-14-2020
1075,Champlain College,1,127.0,128.0,Chittenden,Rutland,Vermont,09-14-2020
1076,Landmark College,1,,,Windham,,Vermont,09-14-2020
1077,Middlebury College,3,,,Addison,,Vermont,09-14-2020
1078,Norwich University,5,49881.0,50974.0,Washington,Orange,Vermont,09-14-2020
1079,University of Vermont,17,127.0,128.0,Chittenden,Rutland,Vermont,09-14-2020
1080,Vermont Technical College,2,,,Orange,,Vermont,09-14-2020
1081,University of the Virgin Islands,3,,,,,Virgin Islands,09-14-2020
1082,Averett University,8,,,Danville City,,Virginia,09-14-2020
1083,Bluefield College,30,1385.0,1397.0,Tazewell,Tazewell,Virginia,09-14-2020
1084,Bridgewater College,6,,,Rockingham,,Virginia,09-14-2020
1085,Christopher Newport University,4,,,Newport News City,,Virginia,09-14-2020
1086,Danville Community College,4,,,Danville City,,Virginia,09-14-2020
1087,Eastern Mennonite University,5,,,Harrisonburg City,,Virginia,09-14-2020
1088,Eastern Virginia Medical School*,31,,,Norfolk City,,Virginia,09-14-2020
1089,Ferrum College,12,367.0,376.0,Franklin,Franklin City,Virginia,09-14-2020
1090,George Mason University,22,19090.0,19658.0,Fairfax,Fairfax,Virginia,09-14-2020
1091,Hampden-Sydney College,16,,,,,Virginia,09-14-2020
1092,Hollins University,1,,,Botetourt,,Virginia,09-14-2020
1093,James Madison University,"1,144",,,Harrisonburg City,,Virginia,09-14-2020
1094,Liberty University,90,,,Lynchburg City,,Virginia,09-14-2020
1095,Longwood University,16,,,Prince Edward,,Virginia,09-14-2020
1096,Mary Baldwin University,1,,,Staunton City,,Virginia,09-14-2020
1097,Marymount University,4,3596.0,3741.0,Arlington,Arlington,Virginia,09-14-2020
1098,Norfolk State University,2,,,Norfolk City,,Virginia,09-14-2020
1099,Old Dominion University,10,,,Norfolk City,,Virginia,09-14-2020
1100,Radford University,357,669.0,669.0,Radford,Radford,Virginia,09-14-2020
1101,Randolph-Macon College,5,1089.0,1124.0,Hanover,Hanover,Virginia,09-14-2020
1102,Roanoke College,48,927.0,1016.0,Salem,Salem,Virginia,09-14-2020
1103,Shenandoah University,17,,,Frederick,,Virginia,09-14-2020
1104,Southern Virginia University,2,,,Buena Vista City,,Virginia,09-14-2020
1105,Sweet Briar College,7,343.0,345.0,Amherst,Amherst,Virginia,09-14-2020
1106,University of Lynchburg,68,,,Lynchburg City,,Virginia,09-14-2020
1107,University of Mary Washington,2,,,Fredericksburg City,,Virginia,09-14-2020
1108,University of Richmond,9,1092.0,1123.0,Chesterfield,Chesterfield,Virginia,09-14-2020
1109,University of Virginia,119,,,Albemarle,,Virginia,09-14-2020
1110,University of Virginia's College at Wise,4,676.0,689.0,Wise,Wise,Virginia,09-14-2020
1111,Virginia Commonwealth University,212,1092.0,1123.0,Chesterfield,Chesterfield,Virginia,09-14-2020
1112,Virginia Highlands Community College,1,58.0,60.0,Washington,Rappahannock,Virginia,09-14-2020
1113,Virginia Military Institute,10,,,Lexington City,,Virginia,09-14-2020
1114,Virginia State University,3,,,Petersburg City,,Virginia,09-14-2020
1115,Virginia Tech,594,,,Montgomery,,Virginia,09-14-2020
1116,Virginia Union University,5,1092.0,1123.0,Chesterfield,Chesterfield,Virginia,09-14-2020
1117,Washington and Lee University,3,,,Lexington City,,Virginia,09-14-2020
1118,William & Mary,2,,,James City,,Virginia,09-14-2020
1119,Centralia College,3,,,Lewis,,Washington,09-14-2020
1120,Clark College,1,,,Clark,,Washington,09-14-2020
1121,Clover Park Technical College,1,,,Pierce,,Washington,09-14-2020
1122,Columbia Basin College,3,,,Franklin,,Washington,09-14-2020
1123,Eastern Washington University,12,5727.0,5874.0,Spokane,Spokane,Washington,09-14-2020
1124,Edmonds College,9,6340.0,6547.0,Snohomish,Snohomish,Washington,09-14-2020
1125,Gonzaga University,16,5727.0,5874.0,Spokane,Spokane,Washington,09-14-2020
1126,Green River College,3,,,King,,Washington,09-14-2020
1127,Highline College,2,,,,,Washington,09-14-2020
1128,Lake Washington Institute of Technology,1,,,King,,Washington,09-14-2020
1129,Lower Columbia College,1,,,Cowlitz,,Washington,09-14-2020
1130,North Seattle College,2,,,King,,Washington,09-14-2020
1131,Northwest Indian College,2,,,Whatcom,,Washington,09-14-2020
1132,Olympic College,1,,,Kitsap,,Washington,09-14-2020
1133,Pierce College Fort Steilacoom,1,,,Pierce,,Washington,09-14-2020
1134,Renton Technical College,1,,,King,,Washington,09-14-2020
1135,Seattle Central College,2,,,King,,Washington,09-14-2020
1136,Seattle Pacific University,1,,,King,,Washington,09-14-2020
1137,Seattle University,3,,,King,,Washington,09-14-2020
1138,South Seattle College,1,,,King,,Washington,09-14-2020
1139,Spokane Community College,5,5727.0,5874.0,Spokane,Spokane,Washington,09-14-2020
1140,Spokane Falls Community College,1,5727.0,5874.0,Spokane,Spokane,Washington,09-14-2020
1141,University of Puget Sound,9,,,Pierce,,Washington,09-14-2020
1142,University of Washington,289,,,King,,Washington,09-14-2020
1143,University of Washington Bothell,5,,,King,,Washington,09-14-2020
1144,University of Washington Tacoma,10,,,Pierce,,Washington,09-14-2020
1145,Washington State University,263,,,Whitman,,Washington,09-14-2020
1146,Wenatchee Valley College,2,1796.0,1809.0,Chelan,Chelan,Washington,09-14-2020
1147,Western Washington University,2,,,Whatcom,,Washington,09-14-2020
1148,Whatcom Community College,6,,,Whatcom,,Washington,09-14-2020
1149,Whitman College,2,819.0,824.0,Walla Walla,Walla Walla,Washington,09-14-2020
1150,American University,5,,,,,"Washington, D.C.",09-14-2020
1151,Gallaudet University,1,,,,,"Washington, D.C.",09-14-2020
1152,George Washington University,1,,,,,"Washington, D.C.",09-14-2020
1153,Georgetown University,103,,,,,"Washington, D.C.",09-14-2020
1154,University of the District of Columbia,1,,,,,"Washington, D.C.",09-14-2020
1155,Bethany College,2,,,Brooke,,West Virginia,09-14-2020
1156,Bluefield State College,6,,,Mercer,,West Virginia,09-14-2020
1157,Concord University,12,,,Mercer,,West Virginia,09-14-2020
1158,Davis & Elkins College,7,,,Randolph,,West Virginia,09-14-2020
1159,Fairmont State University,5,,,Marion,,West Virginia,09-14-2020
1160,Marshall University,68,,,Cabell,,West Virginia,09-14-2020
1161,Potomac State College of West Virginia University,2,,,Mineral,,West Virginia,09-14-2020
1162,Salem University,2,,,Harrison,,West Virginia,09-14-2020
1163,Shepherd University,11,,,Jefferson,,West Virginia,09-14-2020
1164,University of Charleston,24,,,Kanawha,,West Virginia,09-14-2020
1165,West Liberty University,4,,,Ohio,,West Virginia,09-14-2020
1166,West Virginia State University,27,,,Kanawha,,West Virginia,09-14-2020
1167,West Virginia University,381,,,Monongalia,,West Virginia,09-14-2020
1168,West Virginia University Institute of Technology,2,,,Fayette,,West Virginia,09-14-2020
1169,Wheeling University,2,,,Ohio,,West Virginia,09-14-2020
1170,Beloit College,2,,,Rock,,Wisconsin,09-14-2020
1171,Carroll University,19,6046.0,6131.0,Waukesha,Waukesha,Wisconsin,09-14-2020
1172,Carthage College,1,3085.0,3150.0,Kenosha,Kenosha,Wisconsin,09-14-2020
1173,Edgewood College,14,7805.0,7846.0,Dane,Dane,Wisconsin,09-14-2020
1174,Lakeland University,14,1232.0,1243.0,Sheboygan,Sheboygan,Wisconsin,09-14-2020
1175,Lawrence University,2,,,Outagamie,,Wisconsin,09-14-2020
1176,Marian University,34,,,Fond Du Lac,Fond Du Lac,Wisconsin,09-14-2020
1177,Marquette University,138,25113.0,25627.0,Milwaukee,Milwaukee,Wisconsin,09-14-2020
1178,Ripon College,4,,,Fond Du Lac,Fond Du Lac,Wisconsin,09-14-2020
1179,Saint Norbert College,12,,,Brown,,Wisconsin,09-14-2020
1180,University of Wisconsin-Eau Claire,69,1253.0,1259.0,Eau Claire,Eau Claire,Wisconsin,09-14-2020
1181,University of Wisconsin-Green Bay,4,,,Brown,,Wisconsin,09-14-2020
1182,University of Wisconsin-La Crosse,12,1797.0,1799.0,La Crosse,La Crosse,Wisconsin,09-14-2020
1183,University of Wisconsin-Madison,"1,097",7805.0,7846.0,Dane,Dane,Wisconsin,09-14-2020
1184,University of Wisconsin-Milwaukee,82,25113.0,25627.0,Milwaukee,Milwaukee,Wisconsin,09-14-2020
1185,University of Wisconsin-Oshkosh,1,4695.0,4843.0,Winnebago,Winnebago,Wisconsin,09-14-2020
1186,University of Wisconsin-Parkside,1,3085.0,3150.0,Kenosha,Kenosha,Wisconsin,09-14-2020
1187,University of Wisconsin-Platteville,56,,,Grant,,Wisconsin,09-14-2020
1188,University of Wisconsin-River Falls,4,,,Pierce,,Wisconsin,09-14-2020
1189,University of Wisconsin-Stevens Point,52,327.0,345.0,Portage,Columbia,Wisconsin,09-14-2020
1190,University of Wisconsin-Stout,2,,,Dunn,,Wisconsin,09-14-2020
1191,University of Wisconsin-Superior,1,,,Douglas,,Wisconsin,09-14-2020
1192,University of Wisconsin-Whitewater,140,70.0,70.0,Walworth,Walworth,Wisconsin,09-14-2020
1193,Casper College,3,370.0,372.0,Natrona,Natrona,Wyoming,09-14-2020
1194,Eastern Wyoming College,2,,,Goshen,,Wyoming,09-14-2020
1195,University of Wyoming,88,,,Albany,,Wyoming,09-14-2020
